/* Objektarten */
INSERT INTO Objektarten (OBA_ID,OBA_BESCHREIBUNG,OBA_UEN_BESCHREIBUNG,OBA_SORTIERUNG,OBA_ANLAGE,OBA_IN_ANLAGE_MOEGLICH,OBA_NUR_IN_ANLAGE,OBA_FKID_OBI_ID,OBA_FUER_MIETOBJEKTE,OBA_FKID_OBO_ID) VALUES 
('2','Wohnung','429','10',0,0,0,'1',0,Null),
('3','Apartmenthaus','430','20',0,0,0,'1',0,Null),
('6','Haus in Anlage','433','30',0,1,0,'3',0,Null),
('7','Baugrundstück','434','40',0,0,0,'7',0,Null),
('14','Penthaus','849','60',0,0,0,'1',0,Null),
('15','Finca','850','50',0,0,0,'3',0,Null),
('17','Anlage','1078','80',1,0,0,Null,0,Null),
('18','Villa','1087','70',0,0,0,'3',0,Null),
('23','Hotels','16265','75',0,0,0,'8',0,Null),
('24','Gewerbeimmobilie','21870','76',0,0,0,'9',0,Null);
/* Objektarten_internet */
INSERT INTO Objektarten_internet (OBI_ID,OBI_BESCHREIBUNG,OBI_UEN_BESCHREIBUNG,OBI_SORTIERUNG,OBI_ANLAGE,OBI_IN_ANLAGE_MOEGLICH,OBI_NUR_IN_ANLAGE,OBI_FUER_MIETOBJEKTE) VALUES 
('1','Apartments + Penthäuser','1345','10',0,0,0,0),
('3','Villen + Landhäuser','1347','20',0,0,0,0),
('7','Grundstücke','1351','60',0,0,0,0),
('8','Hotels','1352','80',0,0,0,0),
('9','Gewerbeimmobilien','21871','70',0,0,0,0);
/* Uebersetzungen */
INSERT INTO Uebersetzungen (UEB_ID,UEB_NUMMER,UEB_FKID_SPR_ID,UEB_TEXT) VALUES 
('3826','1276','1','Baugrundstück'),
('3827','1276','5','plot'),
('3828','1276','22','solar'),
('3829','1277','1','Residenz'),
('3830','1277','5','residence'),
('3831','1277','22','residencial'),
('3310','1104','1','Wohnfläche'),
('3311','1104','5','living space'),
('2366','789','5',Null),
('2367','789','22',Null),
('2368','790','1','Deía'),
('2369','790','5',Null),
('2370','790','22',Null),
('2371','791','1','El Toro'),
('2372','791','5',Null),
('2373','791','22',Null),
('2374','792','1','Esporles'),
('2375','792','5',Null),
('2376','792','22',Null),
('2377','793','1','Establiments'),
('2378','793','5',Null),
('2379','793','22',Null),
('2380','794','1','Estellencs'),
('2381','794','5',Null),
('2382','794','22',Null),
('2383','795','1','Fornalutx'),
('2384','795','5',Null),
('2385','795','22',Null),
('2386','796','1','Galilea'),
('2387','796','5',Null),
('2388','796','22',Null),
('2389','797','1','Génova'),
('2390','797','5',Null),
('2391','797','22',Null),
('2392','798','1','Illetas'),
('2393','798','5',Null),
('2394','798','22',Null),
('2395','799','1','Inca'),
('2396','799','5',Null),
('2397','799','22',Null),
('2398','800','1','Llucmajor'),
('2399','800','5',Null),
('2400','800','22',Null),
('2401','801','1','Magaluf'),
('2402','801','5',Null),
('2403','801','22',Null),
('2404','802','1','Manacor'),
('2405','802','5',Null),
('2406','802','22',Null),
('2407','803','1','Maria de la Salud'),
('2408','803','5',Null),
('2409','803','22',Null),
('2410','804','1','Marratxi'),
('2411','804','5',Null),
('2412','804','22',Null),
('2413','805','1','Montuiri'),
('2414','805','5',Null),
('2415','805','22',Null),
('2416','806','1','Paguera'),
('2417','806','5',Null),
('2418','806','22',Null),
('2419','807','1','Palma de Mallorca'),
('2420','807','5',Null),
('2421','807','22',Null),
('2422','808','1','Palma Nova'),
('2423','808','5',Null),
('2424','808','22',Null),
('2425','809','1','Pollensa'),
('2426','809','5',Null),
('2427','809','22',Null),
('2428','810','1','Portals Nous'),
('2429','810','5',Null),
('2430','810','22',Null),
('2431','811','1','Porto Christo'),
('2432','811','5',Null),
('2433','811','22',Null),
('2434','812','1','Portól'),
('2435','812','5',Null),
('2436','812','22',Null),
('2440','814','1','Pto. Pollensa'),
('2441','814','5',Null),
('2442','814','22',Null),
('2443','815','1','Puigpunyent'),
('2444','815','5',Null),
('2445','815','22',Null),
('2446','816','1','Randa'),
('2447','816','5',Null),
('2448','816','22',Null),
('2449','817','1','S''Aranjassa'),
('2450','817','5',Null),
('2451','817','22',Null),
('2452','818','1','S''Arraco'),
('2453','818','5',Null),
('2454','818','22',Null),
('2455','819','1','San Agustin'),
('2456','819','5',Null),
('2457','819','22',Null),
('2458','820','1','San Telmo'),
('2459','820','5',Null),
('2460','820','22',Null),
('2461','821','1','Santa Eugenia'),
('2462','821','5',Null),
('2463','821','22',Null),
('2464','822','1','Santa Maria'),
('2465','822','5',Null),
('2466','822','22',Null),
('2467','823','1','Santa Ponsa'),
('2468','823','5',Null),
('2469','823','22',Null),
('2470','824','1','Santanyi'),
('2471','824','5',Null),
('2472','824','22',Null),
('2473','825','1','Selva'),
('2474','825','5',Null),
('2475','825','22',Null),
('2476','826','1','Sencelles'),
('2477','826','5',Null),
('2478','826','22',Null),
('2479','827','1','Sol de Mallorca'),
('2480','827','5',Null),
('2481','827','22',Null),
('2482','828','1','Sóller'),
('2483','828','5',Null),
('2484','828','22',Null),
('2485','829','1','Son Español'),
('2486','829','5',Null),
('2487','829','22',Null),
('2488','830','1','Son Ferrer'),
('2489','830','5',Null),
('2490','830','22',Null),
('2491','831','1','Son Vida'),
('2492','831','5',Null),
('2493','831','22',Null),
('2494','832','1','Valldemossa'),
('2495','832','5',Null),
('2496','832','22',Null),
('2497','833','1','Algaida'),
('2498','833','5',Null),
('2499','833','22',Null),
('2500','834','1','Ariany'),
('2501','834','5',Null),
('2502','834','22',Null),
('2503','835','1','Bahia Azul'),
('2504','835','5',Null),
('2505','835','22',Null),
('2506','836','1','Bunyola'),
('2507','836','5',Null),
('2508','836','22',Null),
('2509','837','1','Cala Pi'),
('2510','837','5',Null),
('2511','837','22',Null),
('2512','838','1','Cala San Vicente'),
('2513','838','5',Null),
('2514','838','22',Null),
('2515','839','1','Consell'),
('2516','839','5',Null),
('2517','839','22',Null),
('2518','840','1','Es Garrover'),
('2519','840','5',Null),
('2520','840','22',Null),
('2521','841','1','Lloret de Vistalegre'),
('2522','841','5',Null),
('2523','841','22',Null),
('2524','842','1','Mancor de la Val'),
('2525','842','5',Null),
('2526','842','22',Null),
('2527','843','1','Petra'),
('2528','843','5',Null),
('2529','843','22',Null),
('2530','844','1','Porreres'),
('2531','844','5',Null),
('2532','844','22',Null),
('2533','845','1','S''Horta'),
('2534','845','5',Null),
('2535','845','22',Null),
('2536','846','1','Sa Cabaneta'),
('2537','846','5',Null),
('2538','846','22',Null),
('2539','847','1','Sineu'),
('2540','847','5',Null),
('2541','847','22',Null),
('2542','848','1','Son Servera'),
('2543','848','5',Null),
('2544','848','22',Null),
('2545','849','1','Penthaus'),
('2546','849','5','Penthouse'),
('2547','849','22','Ático'),
('2548','850','1','Finca'),
('2549','850','5','Finca'),
('2550','850','22','Finca'),
('4033','1345','1','Apartments + Penthäuser'),
('4034','1345','5','Apartments + Penthouses'),
('4035','1345','22','Apartamentos + Áticos'),
('4039','1347','1','Villen + Landhäuser'),
('4040','1347','5','Villas + Country Houses'),
('4041','1347','22','Villas + Casas de Campo'),
('4051','1351','1','Grundstücke'),
('4052','1351','5','Building plots'),
('4053','1351','22','Solares'),
('4054','1352','1','Hotels'),
('4055','1352','5','hotels'),
('4056','1352','22','hoteles'),
('3991','1331','1','Lage'),
('3992','1331','5','Location'),
('3993','1331','22','Ubicación'),
('3196','1066','1','Details'),
('3197','1066','5','details'),
('3198','1066','22','detalles'),
('3199','1067','1','Aufteilung'),
('3200','1067','5','distribution'),
('3201','1067','22','distribución'),
('3202','1068','1','Außenanlagen'),
('3203','1068','5','exterior facilities'),
('3204','1068','22','instalaciones exteriores'),
('3208','1070','1','Böden'),
('3209','1070','5','floors'),
('3210','1070','22','suelos'),
('3211','1071','1','Fenster'),
('3212','1071','5','windows'),
('3213','1071','22','ventanas'),
('3214','1072','1','Heizung'),
('3215','1072','5','heating'),
('3216','1072','22','calefacción'),
('3217','1073','1','Haustechnik'),
('3218','1073','5','domestic technology'),
('3219','1073','22','tecnología doméstica'),
('3220','1074','1','¿'),
('3221','1074','5',Null),
('3222','1074','22',Null),
('3223','1075','1','%'),
('3224','1075','5',Null),
('3225','1075','22',Null),
('3226','1076','1','m²'),
('3227','1076','5',Null),
('3228','1076','22',Null),
('934','467','5','Spanish'),
('937','469','1','Ungarisch'),
('1930','644','1','unbekannt'),
('1931','644','5',Null),
('1932','644','22',Null),
('1939','647','1','Anchorage Hill'),
('1940','647','5',Null),
('1941','647','22',Null),
('310','155','5',Null),
('313','157','1','Ganzzahl'),
('318','159','5',Null),
('320','160','5',Null),
('323','162','1','Währung'),
('328','164','5',Null),
('1628','447','22',Null),
('1629','449','22',Null),
('1630','453','22',Null),
('1631','456','22',Null),
('1702','430','22','Edificio de apartamentos'),
('1703','434','22','Solar edificable'),
('1708','451','22',Null),
('1747','154','22',Null),
('1748','158','22',Null),
('1782','446','22','Alemán'),
('1783','454','22',Null),
('1784','458','22',Null),
('1785','460','22',Null),
('1827','156','22',Null),
('1828','159','22',Null),
('1829','160','22',Null),
('1868','448','22',Null),
('891','446','1','Deutsch'),
('892','446','5','German'),
('893','447','1','Bulgarisch'),
('894','447','5',Null),
('895','448','1','Chinesisch'),
('897','449','1','Dänisch'),
('898','449','5',Null),
('900','450','5','English'),
('901','451','1','Finnisch'),
('902','451','5',Null),
('903','452','1','Französisch'),
('905','453','1','Griechisch'),
('907','454','1','Hebräisch'),
('908','454','5',Null),
('910','455','5',Null),
('911','456','1','Japanisch'),
('912','456','5',Null),
('913','457','1','Niederländisch'),
('915','458','1','Norwegisch'),
('916','458','5',Null),
('918','459','5',Null),
('919','460','1','Portugiesisch'),
('920','460','5',Null),
('921','461','1','Rumänisch'),
('923','462','1','Russisch'),
('925','463','1','Schwedisch'),
('926','463','5',Null),
('928','464','5',Null),
('929','465','1','Slowakisch'),
('930','465','5',Null),
('931','466','1','Slowenisch'),
('933','467','1','Spanisch'),
('935','468','1','Türkisch'),
('936','468','5',Null),
('938','469','5',Null),
('857','429','1','Wohnung'),
('858','429','5','Flat/apartment'),
('859','430','1','Apartmenthaus'),
('860','430','5','Apartment building'),
('865','433','1','Haus in Anlage'),
('866','433','5','House in residential complex'),
('867','434','1','Baugrundstück'),
('868','434','5','Building plot'),
('896','448','5',Null),
('899','450','1','Englisch'),
('904','452','5','French'),
('906','453','5',Null),
('909','455','1','Italienisch'),
('914','457','5',Null),
('917','459','1','Polnisch'),
('922','461','5',Null),
('924','462','5','Russian'),
('927','464','1','Serbisch'),
('932','466','5',Null),
('1466','429','22','Apartamento'),
('1467','433','22','Casa en complejo residencial'),
('1470','452','22','Francés'),
('1471','461','22',Null),
('1472','463','22',Null),
('1473','466','22',Null),
('2183','728','5',Null),
('2184','728','22',Null),
('2185','729','1','ohne Region'),
('2186','729','5',Null),
('2187','729','22',Null),
('2188','730','1','ohne Region'),
('2189','730','5',Null),
('2190','730','22',Null),
('2191','731','1','ohne Region'),
('2192','731','5',Null),
('2193','731','22',Null),
('2194','732','1','ohne Region'),
('2195','732','5',Null),
('2196','732','22',Null),
('2197','733','1','ohne Region'),
('2198','733','5',Null),
('2199','733','22',Null),
('2200','734','1','ohne Region'),
('2201','734','5',Null),
('2202','734','22',Null),
('2203','735','1','ohne Region'),
('2204','735','5',Null),
('2205','735','22',Null),
('2206','736','1','ohne Region'),
('2207','736','5',Null),
('2208','736','22',Null),
('2209','737','1','ohne Region'),
('2210','737','5',Null),
('2211','737','22',Null),
('2212','738','1','ohne Region'),
('2213','738','5',Null),
('2214','738','22',Null),
('2215','739','1','ohne Region'),
('2216','739','5',Null),
('2217','739','22',Null),
('2218','740','1','ohne Region'),
('2219','740','5',Null),
('2220','740','22',Null),
('2221','741','1','ohne Region'),
('2222','741','5',Null),
('2223','741','22',Null),
('2224','742','1','ohne Region'),
('2225','742','5',Null),
('2226','742','22',Null),
('2227','743','1','ohne Region'),
('2228','743','5',Null),
('2229','743','22',Null),
('2230','744','1','ohne Region'),
('2231','744','5',Null),
('2232','744','22',Null),
('2233','745','1','ohne Region'),
('2234','745','5',Null),
('2235','745','22',Null),
('2236','746','1','ohne Region'),
('2237','746','5',Null),
('2238','746','22',Null),
('2239','747','1','ohne Region'),
('2240','747','5',Null),
('2241','747','22',Null),
('2242','748','1','ohne Region'),
('2243','748','5',Null),
('2244','748','22',Null),
('2245','749','1','ohne Region'),
('2246','749','5',Null),
('2247','749','22',Null),
('2248','750','1','ohne Region'),
('2249','750','5',Null),
('2250','750','22',Null),
('2251','751','1','ohne Region'),
('2252','751','5',Null),
('2253','751','22',Null),
('2254','752','1','ohne Region'),
('2255','752','5',Null),
('2256','752','22',Null),
('3259','1087','1','Villa'),
('3260','1087','5','Villa'),
('3261','1087','22','Villa'),
('3271','1091','1','Ausrichtung'),
('3272','1091','5','orientation'),
('3273','1091','22','orientación'),
('3274','1092','1','Blicke'),
('3275','1092','5','views'),
('3276','1092','22','vistas'),
('2929','977','1','Schlafzimmer'),
('2930','977','5','bedroom'),
('2931','977','22','dormitorio'),
('1313','455','22',Null),
('1314','465','22',Null),
('1315','468','22',Null),
('1351','155','22',Null),
('1352','157','22',Null),
('1384','450','22','Inglés'),
('1385','457','22',Null),
('1386','459','22',Null),
('1387','462','22','Ruso'),
('1388','469','22',Null),
('307','154','1','Auswahlfeld - Mehrfache Auswahl'),
('308','154','5',Null),
('309','155','1','Auswahlfeld - Einfache Auswahl'),
('311','156','1','Auswahlliste'),
('312','156','5',Null),
('314','157','5',Null),
('315','158','1','Gebrochener Wert'),
('316','158','5',Null),
('317','159','1','Text'),
('319','160','1','Datum'),
('321','161','1','Keine Werteingabe möglich'),
('322','161','5',Null),
('324','162','5',Null),
('325','163','1','Datum und Uhrzeit'),
('326','163','5',Null),
('327','164','1','Bemerkungsfeld'),
('1515','161','22',Null),
('1516','162','22',Null),
('1517','163','22',Null),
('1518','164','22',Null),
('4761','1587','22','jacuzzi'),
('1553','464','22',Null),
('1554','467','22','Español'),
('3232','1078','1','Anlage'),
('3233','1078','5','Residencial complex'),
('3234','1078','22','Complejo residencial'),
('4651','1551','1','Terrasse'),
('4652','1551','5','terrace'),
('4653','1551','22','terraza'),
('4654','1552','1','Terrassen'),
('4655','1552','5','terraces'),
('4656','1552','22','terrazas'),
('4657','1553','1','Freiterrassen'),
('4658','1553','5','open terraces'),
('4659','1553','22','terraza abierta'),
('4660','1554','1','Freiterrassen'),
('4661','1554','5','open terraces'),
('4662','1554','22','terrazas abiertas'),
('4663','1555','1','überdachte Terrasse'),
('4664','1555','5','roofed terraces'),
('4665','1555','22','porche'),
('4666','1556','1','überdachte Terrassen'),
('4667','1556','5','roofed terraces'),
('4668','1556','22','porches'),
('4669','1557','1','Dachterrasse'),
('4670','1557','5','roof terrace'),
('4671','1557','22','terraza azotea'),
('4672','1558','1','Dachterrassen'),
('4673','1558','5','roof terraces'),
('4674','1558','22','terrazas azoteas'),
('4675','1559','1','Balkon'),
('4676','1559','5','balcony'),
('4677','1559','22','balcón'),
('4678','1560','1','Balkone'),
('4679','1560','5','balconies'),
('4680','1560','22','balcónes'),
('4681','1561','1','Patio'),
('4682','1561','5','court yard'),
('4683','1561','22','patio'),
('4684','1562','1','Patios'),
('4685','1562','5','court yards'),
('4686','1562','22','patios'),
('4687','1563','1','Garten'),
('4688','1563','5','garden'),
('4689','1563','22','jardín'),
('4690','1564','1','Gärten'),
('4691','1564','5','gardens'),
('4692','1564','22','jardines'),
('4693','1565','1','automatische Bewässerung'),
('4694','1565','5','automatic irrigation '),
('4695','1565','22','riego automático '),
('4696','1566','1',Null),
('4697','1566','5',Null),
('4698','1566','22',Null),
('4699','1567','1','Swimmingpool'),
('4700','1567','5','swimming pool'),
('4701','1567','22','piscina'),
('4702','1568','1','Swimmingpools'),
('4703','1568','5','swimming pools'),
('4704','1568','22','piscinas'),
('4705','1569','1','Tennisplatz'),
('4706','1569','5','tennis court'),
('4707','1569','22','pista de tenis'),
('4708','1570','1','Tennisplätze'),
('4709','1570','5','Tennisplätze'),
('4710','1570','22','Tennisplätze'),
('4711','1571','1','Garage'),
('4712','1571','5','Garage'),
('4713','1571','22','Garage'),
('4714','1572','1','Garagen'),
('4715','1572','5','Garagen'),
('4716','1572','22','Garagen'),
('4717','1573','1','Doppelgarage'),
('4718','1573','5','double garage'),
('4719','1573','22','garaje doble'),
('4720','1574','1','Doppelgaragen'),
('4721','1574','5','double garages'),
('4722','1574','22','garajes dobles'),
('4723','1575','1','Garagenplatz'),
('4724','1575','5','parking space/garage'),
('4725','1575','22','aparcamiento en el garaje'),
('4726','1576','1',Null),
('4727','1576','5',Null),
('4728','1576','22',Null),
('4729','1577','1','Tiefgarage'),
('4730','1577','5','basement garage'),
('4731','1577','22','garaje subterráneo'),
('4732','1578','1','Tiefgaragen'),
('4733','1578','5','basement garages'),
('4734','1578','22','garajes subterráneo'),
('4735','1579','1','Carport'),
('4736','1579','5','carport'),
('4737','1579','22','cochera'),
('4738','1580','1','Carports'),
('4739','1580','5','carports'),
('4740','1580','22','cocheras'),
('4741','1581','1','PKW-Stellplatz'),
('4742','1581','5','parking space'),
('4743','1581','22','plaza de estacionamiento'),
('4744','1582','1','PKW-Stellplätze'),
('4745','1582','5','parking spaces'),
('4746','1582','22','plazas de estacionamiento'),
('4747','1583','1','Sommerküche'),
('4748','1583','5','house number'),
('4749','1583','22','número de casa'),
('4750','1584','1','Sommerküchen'),
('4751','1584','5','Sommerküchen'),
('4752','1584','22','Sommerküchen'),
('4753','1585','1','Barbecue'),
('4754','1585','5','barbecue'),
('4755','1585','22','barbacoa'),
('4756','1586','1','Barbecues'),
('4757','1586','5','barbecues'),
('4758','1586','22','barbacoas'),
('4759','1587','1','Jacuzzi'),
('4760','1587','5','jacuzzi'),
('4762','1588','1','Jacuzzi'),
('4763','1588','5','jacuzzis'),
('4764','1588','22','jacuzzis'),
('4765','1589','1','Brunnen'),
('4766','1589','5','well/fountain'),
('4767','1589','22','pozo/fuente'),
('4768','1590','1','Brunnen'),
('4769','1590','5','wells/fountains'),
('4770','1590','22','pozos/fuentes'),
('4771','1591','1','Bemerkung'),
('4772','1591','5','comment'),
('4773','1591','22','observación'),
('4774','1592','1',Null),
('4775','1592','5',Null),
('4776','1592','22',Null),
('4777','1593','1','Süd'),
('4778','1593','5','south'),
('4779','1593','22','sur'),
('4780','1594','1',Null),
('4781','1594','5',Null),
('4782','1594','22',Null),
('4783','1595','1','Nord'),
('4784','1595','5','north'),
('4785','1595','22','norte'),
('4786','1596','1',Null),
('4787','1596','5',Null),
('4788','1596','22',Null),
('4789','1597','1','Ost'),
('4790','1597','5','east'),
('4791','1597','22','este'),
('4792','1598','1',Null),
('4793','1598','5',Null),
('4794','1598','22',Null),
('4795','1599','1','West'),
('4796','1599','5','west'),
('4797','1599','22','oeste'),
('4798','1600','1',Null),
('4799','1600','5',Null),
('4800','1600','22',Null),
('4801','1601','1','Bemerkung'),
('4802','1601','5','comment'),
('4803','1601','22','observación'),
('4804','1602','1',Null),
('4805','1602','5',Null),
('4806','1602','22',Null),
('4807','1603','1','in Urbanisation'),
('4808','1603','5','in residential area'),
('4809','1603','22','en urbanización'),
('4810','1604','1',Null),
('4811','1604','5',Null),
('4812','1604','22',Null),
('4813','1605','1','für Großprojekt'),
('4814','1605','5','for a big project'),
('4815','1605','22','para gran proyecto'),
('4816','1606','1',Null),
('4817','1606','5',Null),
('4818','1606','22',Null),
('4819','1607','1','auf dem Land'),
('4820','1607','5','in the country side'),
('4821','1607','22','en el campo'),
('4822','1608','1',Null),
('4823','1608','5',Null),
('4824','1608','22',Null),
('4825','1609','1','Baugenehmigung'),
('4826','1609','5','building licence'),
('4827','1609','22','licencia de obra'),
('4828','1610','1',Null),
('4829','1610','5',Null),
('4830','1610','22',Null),
('4831','1611','1','Planung'),
('4832','1611','5','project'),
('4833','1611','22','proyecto'),
('4834','1612','1',Null),
('4835','1612','5',Null),
('4836','1612','22',Null),
('4837','1613','1','eben'),
('4838','1613','5','even'),
('4839','1613','22','llano'),
('4840','1614','1',Null),
('4841','1614','5',Null),
('4842','1614','22',Null),
('4843','1615','1','leichte Hanglage'),
('4844','1615','5','slightly inclined'),
('4845','1615','22','levemente inclinado'),
('4846','1616','1',Null),
('4847','1616','5',Null),
('4848','1616','22',Null),
('4849','1617','1','steile Hanglage'),
('4850','1617','5','inclined plot'),
('4851','1617','22','solar inclinado'),
('4852','1618','1',Null),
('4853','1618','5',Null),
('4854','1618','22',Null),
('4855','1619','1','Grundstücksnummer'),
('4856','1619','5','plot number'),
('4857','1619','22','número del solar'),
('4858','1620','1',Null),
('4859','1620','5',Null),
('4860','1620','22',Null),
('4861','1621','1','Bauvorschriften'),
('4862','1621','5','construction regulations'),
('4863','1621','22','normativa de edificación'),
('4864','1622','1',Null),
('4865','1622','5',Null),
('4866','1622','22',Null),
('4867','1623','1','max. Überbauung'),
('4868','1623','5','max. building area'),
('4869','1623','22','área max. a construir'),
('4870','1624','1',Null),
('4871','1624','5',Null),
('4872','1624','22',Null),
('4873','1625','1','max. Wohnfläche'),
('4874','1625','5','max. living space'),
('4875','1625','22','superficie max. habitable'),
('4876','1626','1',Null),
('4877','1626','5',Null),
('4878','1626','22',Null),
('4879','1627','1','max. Geschosse'),
('4880','1627','5','max. storeys'),
('4881','1627','22','max. plantas'),
('4882','1628','1',Null),
('4883','1628','5',Null),
('4884','1628','22',Null),
('4885','1629','1','max. Geschosshöhe'),
('4886','1629','5','max. storey high'),
('4887','1629','22','altura max./plantas'),
('4888','1630','1',Null),
('4889','1630','5',Null),
('4890','1630','22',Null),
('4891','1631','1','max. Gebäudehöhe'),
('4892','1631','5','max. building high'),
('4893','1631','22','altura max. del edificio'),
('4894','1632','1',Null),
('4895','1632','5',Null),
('4896','1632','22',Null),
('4897','1633','1','Grenzabstand'),
('4898','1633','5','space from boundary-line'),
('4899','1633','22','distancia linderos'),
('4900','1634','1',Null),
('4901','1634','5',Null),
('4902','1634','22',Null),
('4903','1635','1','Bemerkung'),
('4904','1635','5','comment'),
('4905','1635','22','observación'),
('4906','1636','1',Null),
('4907','1636','5',Null),
('4908','1636','22',Null),
('4909','1637','1','Meerblick'),
('4910','1637','5','sea views'),
('4911','1637','22','vistas al mar'),
('4912','1638','1',Null),
('4913','1638','5',Null),
('4914','1638','22',Null),
('4915','1639','1','Hafenblick'),
('4916','1639','5','harbour views'),
('4917','1639','22','vista al puerto'),
('4918','1640','1',Null),
('4919','1640','5',Null),
('4920','1640','22',Null),
('4921','1641','1','Panoramablick'),
('4922','1641','5','panoramic views'),
('4923','1641','22','vistas panorámicas'),
('4924','1642','1',Null),
('4925','1642','5',Null),
('4926','1642','22',Null),
('4927','1643','1','weiter Landschaftsblick'),
('4928','1643','5','far landscape views'),
('4929','1643','22','vistas despejadas paisaje '),
('4930','1644','1',Null),
('4931','1644','5',Null),
('4932','1644','22',Null),
('4933','1645','1','Blick auf den Golfplatz'),
('4934','1645','5','golf course views'),
('4935','1645','22','vista al campo de golf'),
('4936','1646','1',Null),
('4937','1646','5',Null),
('4938','1646','22',Null),
('4939','1647','1','Bemerkung'),
('4940','1647','5','comment'),
('4941','1647','22','observación'),
('4942','1648','1',Null),
('4943','1648','5',Null),
('4944','1648','22',Null),
('4945','1649','1','Fliesen'),
('4946','1649','5','ceramic tiles'),
('4947','1649','22','baldosas'),
('4948','1650','1',Null),
('4949','1650','5',Null),
('4950','1650','22',Null),
('4951','1651','1','Marmor'),
('4952','1651','5','marble'),
('4953','1651','22','mármol'),
('4954','1652','1',Null),
('4955','1652','5',Null),
('4956','1652','22',Null),
('4957','1653','1','Terracotta'),
('4958','1653','5','terracotta'),
('4959','1653','22','terracota '),
('4960','1654','1',Null),
('4961','1654','5',Null),
('4962','1654','22',Null),
('4963','1655','1','Parkett'),
('4964','1655','5','parquet '),
('4965','1655','22','parquet'),
('4966','1656','1',Null),
('4967','1656','5',Null),
('4968','1656','22',Null),
('4969','1657','1','Laminat'),
('4970','1657','5','laminate '),
('4971','1657','22','laminado'),
('4972','1658','1',Null),
('4973','1658','5',Null),
('4974','1658','22',Null),
('4975','1659','1','Teppich'),
('4976','1659','5','carpeting'),
('4977','1659','22','moqueta'),
('4978','1660','1',Null),
('4979','1660','5',Null),
('4980','1660','22',Null),
('4981','1661','1','Bemerkung'),
('4982','1661','5','comment'),
('4983','1661','22','observación'),
('4984','1662','1',Null),
('4985','1662','5',Null),
('4986','1662','22',Null),
('4987','1663','1','Escritura'),
('4988','1663','5','escritura'),
('4989','1663','22','escritura'),
('4990','1664','1',Null),
('4991','1664','5',Null),
('4992','1664','22',Null),
('4993','1665','1','Provision'),
('4994','1665','5','commission'),
('4995','1665','22','comisión'),
('4996','1666','1',Null),
('4997','1666','5',Null),
('4998','1666','22',Null),
('4999','1667','1','Grundstück'),
('5000','1667','5','plot'),
('5001','1667','22','terreno'),
('5002','1668','1',Null),
('5003','1668','5',Null),
('5004','1668','22',Null),
('5005','1669','1','konstruierte Fläche'),
('5006','1669','5','constructed area'),
('5007','1669','22','superfície construida'),
('5008','1670','1',Null),
('5009','1670','5',Null),
('5010','1670','22',Null),
('5011','1671','1','gesamte Nutzfläche'),
('5012','1671','5','total area'),
('5013','1671','22','superficie total'),
('5014','1672','1',Null),
('5015','1672','5',Null),
('5016','1672','22',Null),
('5017','1673','1','Etage'),
('5018','1673','5','storey'),
('5019','1673','22','planta'),
('5020','1674','1','Etagen'),
('5021','1674','5','storey'),
('5022','1674','22','plantas'),
('5023','1675','1','mtl. Umlage'),
('5024','1675','5','monthly community costs'),
('5025','1675','22','gastos comunitarios mensuales'),
('5026','1676','1',Null),
('5027','1676','5',Null),
('5028','1676','22',Null),
('5029','1677','1','Baujahr'),
('5030','1677','5','year of construction'),
('5031','1677','22','año de construcción'),
('5032','1678','1',Null),
('5033','1678','5',Null),
('5034','1678','22',Null),
('5035','1679','1','Fertigstellung'),
('5036','1679','5','completion'),
('5037','1679','22','final de obra'),
('5038','1680','1',Null),
('4405','1469','1','Llubi'),
('4406','1469','5',Null),
('4407','1469','22',Null),
('4408','1470','1','Son Veri Nou'),
('4409','1470','5',Null),
('4410','1470','22',Null),
('4411','1471','1','Las Palmeras'),
('4412','1471','5',Null),
('4413','1471','22',Null),
('4414','1472','1','ohne Region'),
('4415','1472','5',Null),
('4416','1472','22',Null),
('4417','1473','1','Zona Colegios'),
('4418','1473','5',Null),
('4419','1473','22',Null),
('4477','1493','1','Wohn-/Esszimmer'),
('4478','1493','5','living-dining room'),
('4479','1493','22','salón comedor'),
('4480','1494','1','Wohn-/Esszimmer'),
('4481','1494','5','living-dining rooms'),
('4482','1494','22','salón comedores'),
('4483','1495','1','Wohnzimmer'),
('4484','1495','5','living room'),
('4485','1495','22','salón'),
('4486','1496','1','Wohnzimmer'),
('4487','1496','5','living rooms'),
('4488','1496','22','salónes'),
('4489','1497','1','Esszimmer'),
('4490','1497','5','dining room'),
('4491','1497','22','comedor'),
('4492','1498','1','Esszimmer'),
('4493','1498','5','dining rooms'),
('4494','1498','22','comedores'),
('4495','1499','1','Wohn-/Schlafzimmer'),
('4496','1499','5','living-bedroom'),
('4497','1499','22','salón dormitorio'),
('4498','1500','1','Wohn-/Schlafzimmer'),
('4499','1500','5','living-bedrooms'),
('4500','1500','22','salón dormitorios'),
('4501','1501','1','2. Wohnzimmer'),
('4502','1501','5','2nd living room'),
('4503','1501','22','2° salón'),
('4504','1502','1',Null),
('4505','1502','5',Null),
('4506','1502','22',Null),
('4507','1503','1','Bibliothek'),
('4508','1503','5','library'),
('4509','1503','22','biblioteca'),
('4510','1504','1','Bibliotheken'),
('4511','1504','5','libraries'),
('4512','1504','22','bibliotecas'),
('4513','1505','1','Galerie'),
('4514','1505','5','gallery'),
('4515','1505','22','galería'),
('4516','1506','1','Galerien'),
('4517','1506','5','galleries'),
('4518','1506','22','galerías'),
('4519','1507','1','Büro'),
('4520','1507','5','study'),
('4521','1507','22','despacho'),
('4522','1508','1','Büros'),
('4523','1508','5','studies'),
('4524','1508','22','despachos'),
('4525','1509','1','Küche'),
('4526','1509','5','kitchen'),
('4527','1509','22','cocina'),
('4528','1510','1','Küchen'),
('4529','1510','5','kitchens'),
('4530','1510','22','cocinas'),
('4531','1511','1','Speisekammer'),
('4532','1511','5','larder'),
('4533','1511','22','despensa'),
('4534','1512','1',Null),
('4535','1512','5',Null),
('4536','1512','22',Null),
('4537','1513','1','amerikanische Küche'),
('4538','1513','5','American kitchen'),
('4539','1513','22','cocina americana'),
('4540','1514','1','amerikanische Küchen'),
('4541','1514','5','American kitchens'),
('4542','1514','22','cocinas americanas'),
('4543','1515','1','Wintergarten'),
('4544','1515','5','conservatory/ winter garden'),
('4545','1515','22','invernadero'),
('4546','1516','1','Wintergärten'),
('4547','1516','5','winter gardens'),
('4548','1516','22','invernaderos'),
('4549','1517','1','Bad'),
('4550','1517','5','bathroom'),
('4551','1517','22','baño'),
('4552','1518','1','Bäder'),
('4553','1518','5','bathrooms'),
('4554','1518','22','baños'),
('4555','1519','1','Ankleide'),
('4556','1519','5','dressing room'),
('4557','1519','22','vestidor'),
('4558','1520','1','Ankleiden'),
('4559','1520','5','dressing rooms'),
('4560','1520','22','vestidores'),
('4561','1521','1','Gästetoilette'),
('4562','1521','5','guest toilet'),
('4563','1521','22','aseo de invitados'),
('4564','1522','1','Gästetoiletten'),
('4565','1522','5','guest toilets'),
('4566','1522','22','aseos de invitados'),
('4567','1523','1','Wirtschaftsraum'),
('4568','1523','5','utility room'),
('4569','1523','22','coladuría'),
('4570','1524','1','Wirtschaftsräume'),
('4571','1524','5','utility rooms'),
('4572','1524','22','coladurías'),
('4573','1525','1','Abstellraum'),
('4574','1525','5','store room'),
('4575','1525','22','trastero'),
('4576','1526','1','Abstellräume'),
('4577','1526','5','store rooms'),
('4578','1526','22','trasteros'),
('4579','1527','1','Technikraum'),
('4580','1527','5','engine room'),
('4581','1527','22','sala de máquinas'),
('4582','1528','1','Technikräume'),
('4583','1528','5','engine rooms'),
('4584','1528','22','salas de máquinas'),
('4585','1529','1','Fitnessraum'),
('4586','1529','5','fitness'),
('4587','1529','22','gimnasio'),
('4588','1530','1','Fitnessräume'),
('4589','1530','5','Fitnessräume'),
('4590','1530','22','Fitnessräume'),
('4591','1531','1','Sauna'),
('4592','1531','5','sauna'),
('4593','1531','22','sauna'),
('4594','1532','1','Saunen'),
('4595','1532','5','Saunen'),
('4596','1532','22','Saunen'),
('4597','1533','1','Weinkeller'),
('4598','1533','5','wine cellar'),
('4599','1533','22','bodega'),
('4600','1534','1','Weinkeller'),
('4601','1534','5','wine cellars'),
('4602','1534','22','bodegas'),
('4603','1535','1','Keller'),
('4604','1535','5','basement'),
('4605','1535','22','sótano'),
('4606','1536','1','Keller'),
('4607','1536','5','cellars'),
('4608','1536','22','cuartos in el sótano'),
('4609','1537','1','Bar'),
('4610','1537','5','bar'),
('4611','1537','22','bar'),
('4612','1538','1','Bars'),
('4613','1538','5','bars'),
('4614','1538','22','bares'),
('4615','1539','1','Lager'),
('4616','1539','5','ware house'),
('4617','1539','22','almacen'),
('4618','1540','1',Null),
('4619','1540','5',Null),
('4620','1540','22',Null),
('4621','1541','1','Anzahl Räume'),
('4622','1541','5','quantity of rooms'),
('4623','1541','22','candidad de habitaciones'),
('4624','1542','1',Null),
('4625','1542','5',Null),
('4626','1542','22',Null),
('4627','1543','1','Anzahl Toiletten'),
('4628','1543','5','quantity of WC''s'),
('4629','1543','22','candidad de aseos'),
('4630','1544','1',Null),
('4631','1544','5',Null),
('4632','1544','22',Null),
('4633','1545','1','Gästeapartment'),
('4634','1545','5','guest apartment'),
('4635','1545','22','apartamento de invitados'),
('4636','1546','1','Gästeapartments'),
('4637','1546','5','guest apartments'),
('4638','1546','22','apartamentos de invitados'),
('4639','1547','1','Gästehaus'),
('4640','1547','5','guest house'),
('4641','1547','22','casa de invitados'),
('4642','1548','1','Gästehäuser'),
('4643','1548','5','guest houses'),
('4644','1548','22','casas de invitados'),
('4645','1549','1','Bemerkung'),
('4646','1549','5','comment'),
('4647','1549','22','observación'),
('4648','1550','1',Null),
('4649','1550','5',Null),
('4650','1550','22',Null),
('3688','1230','1',Null),
('3689','1230','5',Null),
('3690','1230','22',Null),
('3397','1133','1','Schlafzimmer'),
('3398','1133','5','bedrooms'),
('3399','1133','22','dormitorios'),
('1942','648','1','Sa Torre'),
('1943','648','5',Null),
('1944','648','22',Null),
('1945','649','1','Son Font'),
('1946','649','5',Null),
('1947','649','22',Null),
('1948','650','1','Biniorella'),
('1949','650','5',Null),
('1950','650','22',Null),
('1951','651','1','Las Palmeras'),
('1952','651','5',Null),
('1953','651','22',Null),
('1954','652','1','Cala Fornells'),
('1955','652','5',Null),
('1956','652','22',Null),
('3312','1104','22','superficie habitable'),
('2305','769','1','unbekannt'),
('2306','769','5',Null),
('2307','769','22',Null),
('2308','770','1','Alaró'),
('2309','770','5',Null),
('2310','770','22',Null),
('2311','771','1','Andratx'),
('2312','771','5',Null),
('2313','771','22',Null),
('2314','772','1','Artá'),
('2315','772','5',Null),
('2316','772','22',Null),
('2317','773','1','Banyalbufar'),
('2318','773','5',Null),
('2319','773','22',Null),
('2320','774','1','Bendinat'),
('2321','774','5',Null),
('2322','774','22',Null),
('2323','775','1','Binissallem'),
('2324','775','5',Null),
('2325','775','22',Null),
('2326','776','1','Cala Blava'),
('2327','776','5',Null),
('2328','776','22',Null),
('2329','777','1','Cala Mayor'),
('2330','777','5',Null),
('2331','777','22',Null),
('2332','778','1','Cala Vinyas'),
('2333','778','5',Null),
('2334','778','22',Null),
('2335','779','1','Calonge'),
('2336','779','5',Null),
('2337','779','22',Null),
('2338','780','1','Calviá'),
('2339','780','5',Null),
('2340','780','22',Null),
('2341','781','1','Camp de Mar'),
('2342','781','5',Null),
('2343','781','22',Null),
('2344','782','1','Campanet'),
('2345','782','5',Null),
('2346','782','22',Null),
('2347','783','1','Campos'),
('2348','783','5',Null),
('2349','783','22',Null),
('2350','784','1','Capdella'),
('2351','784','5',Null),
('2352','784','22',Null),
('2353','785','1','Cas Catalá'),
('2354','785','5',Null),
('2355','785','22',Null),
('2356','786','1','Costa de Canyamel'),
('2357','786','5',Null),
('2358','786','22',Null),
('2359','787','1','Costa de la Calma'),
('2360','787','5',Null),
('2361','787','22',Null),
('2362','788','1','Costa d''en Blanes'),
('2363','788','5',Null),
('2364','788','22',Null),
('2365','789','1','Costix'),
('1960','654','1','Bonanova'),
('1961','654','5',Null),
('1962','654','22',Null),
('1963','655','1','Calatrava'),
('1964','655','5',Null),
('1965','655','22',Null),
('1966','656','1','El Terreno'),
('1967','656','5',Null),
('1968','656','22',Null),
('1969','657','1','Es Molinar'),
('1970','657','5',Null),
('1971','657','22',Null),
('1972','658','1','La Lonja'),
('1973','658','5',Null),
('1974','658','22',Null),
('1975','659','1','Es Portixol'),
('1976','659','5',Null),
('1977','659','22',Null),
('1978','660','1','Santa Catalina'),
('1979','660','5',Null),
('1980','660','22',Null),
('1981','661','1','Son Caliu'),
('1982','661','5',Null),
('1983','661','22',Null),
('1984','662','1','Puntiro'),
('1985','662','5',Null),
('1986','662','22',Null),
('2008','670','1','Ses Rotes Velles'),
('2009','670','5',Null),
('2010','670','22',Null),
('2014','672','1','Portals Vells'),
('2015','672','5',Null),
('2016','672','22',Null),
('2017','673','1','George Sand'),
('2018','673','5',Null),
('2019','673','22',Null),
('2020','674','1','ohne Region'),
('2021','674','5',Null),
('2022','674','22',Null),
('2023','675','1','ohne Region'),
('2024','675','5',Null),
('2025','675','22',Null),
('2026','676','1','ohne Region'),
('2027','676','5',Null),
('2028','676','22',Null),
('2029','677','1','ohne Region'),
('2030','677','5',Null),
('2031','677','22',Null),
('2032','678','1','ohne Region'),
('2033','678','5',Null),
('2034','678','22',Null),
('2035','679','1','ohne Region'),
('2036','679','5',Null),
('2037','679','22',Null),
('2038','680','1','ohne Region'),
('2039','680','5',Null),
('2040','680','22',Null),
('2041','681','1','ohne Region'),
('2042','681','5',Null),
('2043','681','22',Null),
('2044','682','1','ohne Region'),
('2045','682','5',Null),
('2046','682','22',Null),
('2047','683','1','ohne Region'),
('2048','683','5',Null),
('2049','683','22',Null),
('2050','684','1','ohne Region'),
('2051','684','5',Null),
('2052','684','22',Null),
('2053','685','1','ohne Region'),
('2054','685','5',Null),
('2055','685','22',Null),
('2056','686','1','ohne Region'),
('2057','686','5',Null),
('2058','686','22',Null),
('2059','687','1','ohne Region'),
('2060','687','5',Null),
('2061','687','22',Null),
('2062','688','1','ohne Region'),
('2063','688','5',Null),
('2064','688','22',Null),
('2065','689','1','ohne Region'),
('2066','689','5',Null),
('2067','689','22',Null),
('2068','690','1','ohne Region'),
('2069','690','5',Null),
('2070','690','22',Null),
('2071','691','1','ohne Region'),
('2072','691','5',Null),
('2073','691','22',Null),
('2074','692','1','ohne Region'),
('2075','692','5',Null),
('2076','692','22',Null),
('2077','693','1','ohne Region'),
('2078','693','5',Null),
('2079','693','22',Null),
('2080','694','1','ohne Region'),
('2081','694','5',Null),
('2082','694','22',Null),
('2083','695','1','ohne Region'),
('2084','695','5',Null),
('2085','695','22',Null),
('2086','696','1','ohne Region'),
('2087','696','5',Null),
('2088','696','22',Null),
('2089','697','1','ohne Region'),
('2090','697','5',Null),
('2091','697','22',Null),
('2092','698','1','ohne Region'),
('2093','698','5',Null),
('2094','698','22',Null),
('2095','699','1','ohne Region'),
('2096','699','5',Null),
('2097','699','22',Null),
('2098','700','1','ohne Region'),
('2099','700','5',Null),
('2100','700','22',Null),
('2101','701','1','ohne Region'),
('2102','701','5',Null),
('2103','701','22',Null),
('2104','702','1','ohne Region'),
('2105','702','5',Null),
('2106','702','22',Null),
('2107','703','1','ohne Region'),
('2108','703','5',Null),
('2109','703','22',Null),
('2110','704','1','ohne Region'),
('2111','704','5',Null),
('2112','704','22',Null),
('2113','705','1','ohne Region'),
('2114','705','5',Null),
('2115','705','22',Null),
('2116','706','1','ohne Region'),
('2117','706','5',Null),
('2118','706','22',Null),
('2119','707','1','ohne Region'),
('2120','707','5',Null),
('2121','707','22',Null),
('2122','708','1','ohne Region'),
('2123','708','5',Null),
('2124','708','22',Null),
('2125','709','1','ohne Region'),
('2126','709','5',Null),
('2127','709','22',Null),
('2128','710','1','ohne Region'),
('2129','710','5',Null),
('2130','710','22',Null),
('2131','711','1','ohne Region'),
('2132','711','5',Null),
('2133','711','22',Null),
('2134','712','1','ohne Region'),
('2135','712','5',Null),
('2136','712','22',Null),
('2137','713','1','ohne Region'),
('2138','713','5',Null),
('2139','713','22',Null),
('2140','714','1','ohne Region'),
('2141','714','5',Null),
('2142','714','22',Null),
('2143','715','1','ohne Region'),
('2144','715','5',Null),
('2145','715','22',Null),
('2146','716','1','ohne Region'),
('2147','716','5',Null),
('2148','716','22',Null),
('2158','720','1','ohne Region'),
('2159','720','5',Null),
('2160','720','22',Null),
('2161','721','1','ohne Region'),
('2162','721','5',Null),
('2163','721','22',Null),
('2164','722','1','ohne Region'),
('2165','722','5',Null),
('2166','722','22',Null),
('2167','723','1','ohne Region'),
('2168','723','5',Null),
('2169','723','22',Null),
('2170','724','1','ohne Region'),
('2171','724','5',Null),
('2172','724','22',Null),
('2173','725','1','ohne Region'),
('2174','725','5',Null),
('2175','725','22',Null),
('2176','726','1','ohne Region'),
('2177','726','5',Null),
('2178','726','22',Null),
('2179','727','1','ohne Region'),
('2180','727','5',Null),
('2181','727','22',Null),
('2182','728','1','ohne Region'),
('5039','1680','5',Null),
('5040','1680','22',Null),
('5041','1681','1','Schlüssel'),
('5042','1681','5','keys'),
('5043','1681','22','llaves'),
('5044','1682','1',Null),
('5045','1682','5',Null),
('5046','1682','22',Null),
('5047','1683','1','Bauschild'),
('5048','1683','5','signboard'),
('5049','1683','22','cartel'),
('5050','1684','1',Null),
('5051','1684','5',Null),
('5052','1684','22',Null),
('5053','1685','1','Lokalnummer'),
('5054','1685','5','shop number'),
('5055','1685','22','número de local comercial'),
('5056','1686','1',Null),
('5057','1686','5',Null),
('5058','1686','22',Null),
('5059','1687','1','Bewohnbarkeitsbescheinigung'),
('5060','1687','5','inhability certificate'),
('5061','1687','22','cédula de habitabilidad'),
('5062','1688','1',Null),
('5063','1688','5',Null),
('5064','1688','22',Null),
('5065','1689','1','Bemerkung'),
('5066','1689','5','comment'),
('5067','1689','22','observación'),
('5068','1690','1',Null),
('5069','1690','5',Null),
('5070','1690','22',Null),
('5071','1691','1','Aluminium Fennster'),
('5072','1691','5','aluminium framed windows'),
('5073','1691','22','ventanas de aluminio'),
('5074','1692','1',Null),
('5075','1692','5',Null),
('5076','1692','22',Null),
('5077','1693','1','PVC Fenster'),
('5078','1693','5','PVC windows'),
('5079','1693','22','ventanas de PVC'),
('5080','1694','1',Null),
('5081','1694','5',Null),
('5082','1694','22',Null),
('5083','1695','1','Holzfenster'),
('5084','1695','5','wood framed windows'),
('5085','1695','22','ventanas de madera'),
('5086','1696','1',Null),
('5087','1696','5',Null),
('5088','1696','22',Null),
('5089','1697','1','Einfache Verglasung'),
('5090','1697','5','single glazing'),
('5091','1697','22','acristalamiento simple'),
('5092','1698','1',Null),
('5093','1698','5',Null),
('5094','1698','22',Null),
('5095','1699','1','elektrische Rollläden'),
('5096','1699','5','double glazing'),
('5097','1699','22','doble acristalamiento'),
('5098','1700','1',Null),
('5099','1700','5',Null),
('5100','1700','22',Null),
('5101','1701','1','Sicherheit Verglasung'),
('5102','1701','5','security glass'),
('5103','1701','22','vidrio de seguridad'),
('5104','1702','1',Null),
('5105','1702','5',Null),
('5106','1702','22',Null),
('5107','1703','1','Alumnium Fensterläden'),
('5108','1703','5','aluminium shutters'),
('5109','1703','22','persianas de aluminio'),
('5110','1704','1',Null),
('5111','1704','5',Null),
('5112','1704','22',Null),
('5113','1705','1','Holzfensterläden'),
('5114','1705','5','wooden shutters'),
('5115','1705','22','persianas de madera'),
('5116','1706','1',Null),
('5117','1706','5',Null),
('5118','1706','22',Null),
('5119','1707','1','PVC Fensterläden'),
('5120','1707','5','PVC shutters'),
('5121','1707','22','persianas de PVC'),
('5122','1708','1',Null),
('5123','1708','5',Null),
('5124','1708','22',Null),
('5125','1709','1','Rollade'),
('5126','1709','5','rolling shutters'),
('5127','1709','22','persianas enrollables'),
('5128','1710','1',Null),
('5129','1710','5',Null),
('5130','1710','22',Null),
('5131','1711','1','Markise'),
('5132','1711','5','sun blinds'),
('5133','1711','22','toldos'),
('5134','1712','1',Null),
('5135','1712','5',Null),
('5136','1712','22',Null),
('5137','1713','1','Bemerkung'),
('5138','1713','5','comment'),
('5139','1713','22','observación'),
('5140','1714','1',Null),
('5141','1714','5',Null),
('5142','1714','22',Null),
('5143','1715','1','Einbauküche'),
('5144','1715','5','fitted kitchen'),
('5145','1715','22','cocina empotrada'),
('5146','1716','1',Null),
('5147','1716','5',Null),
('5148','1716','22',Null),
('5149','1717','1','Ohne Elektrogeräte'),
('5150','1717','5','without appliances'),
('5151','1717','22','sin electrodomésticos'),
('5152','1718','1',Null),
('5153','1718','5',Null),
('5154','1718','22',Null),
('5155','1719','1','Küche Preinstallation'),
('5156','1719','5','kitchen preinstallation'),
('5157','1719','22','preinstalacion de cocina'),
('5158','1720','1',Null),
('5159','1720','5',Null),
('5160','1720','22',Null),
('5161','1721','1','Einbauschränke'),
('5162','1721','5','built-in wardrobes'),
('5163','1721','22','armarios empotrados'),
('5164','1722','1',Null),
('5165','1722','5',Null),
('5166','1722','22',Null),
('5167','1723','1','Telefon'),
('5168','1723','5','telephone'),
('5169','1723','22','teléfono'),
('5170','1724','1',Null),
('5171','1724','5',Null),
('5172','1724','22',Null),
('5173','1725','1','Alarmanlage'),
('5174','1725','5','security system'),
('5175','1725','22','sistema de alarma'),
('5176','1726','1',Null),
('5177','1726','5',Null),
('5178','1726','22',Null),
('5179','1727','1','SAT-TV'),
('5180','1727','5','SAT-TV'),
('5181','1727','22','TV satélite'),
('5182','1728','1',Null),
('5183','1728','5',Null),
('5184','1728','22',Null),
('5185','1729','1','Soundsystem'),
('5186','1729','5','sound system'),
('5187','1729','22','hilo musical'),
('5188','1730','1',Null),
('5189','1730','5',Null),
('5190','1730','22',Null),
('5191','1731','1','Wasseraufbereitungsanlage'),
('5192','1731','5','water recycling plant'),
('5193','1731','22','potabilizadora'),
('5194','1732','1',Null),
('5195','1732','5',Null),
('5196','1732','22',Null),
('5197','1733','1','Solaranlage'),
('5198','1733','5','solar technology'),
('5199','1733','22','energía solar'),
('5200','1734','1',Null),
('5201','1734','5',Null),
('5202','1734','22',Null),
('5203','1735','1','Aut. Türöffner'),
('5204','1735','5','automatic gates'),
('5205','1735','22','portería automática'),
('5206','1736','1',Null),
('5207','1736','5',Null),
('5208','1736','22',Null),
('5209','1737','1','Video Gegensprechanlage'),
('5210','1737','5','video intercom (system)'),
('5211','1737','22','video portero'),
('5212','1738','1',Null),
('5213','1738','5',Null),
('5214','1738','22',Null),
('5215','1739','1','Videoüberwachung'),
('5216','1739','5','video surveillance '),
('5217','1739','22','video vigilancia'),
('5218','1740','1',Null),
('5219','1740','5',Null),
('5220','1740','22',Null),
('5221','1741','1','Waschmaschine'),
('5222','1741','5','washing mashine'),
('5223','1741','22','lavadora'),
('5224','1742','1',Null),
('5225','1742','5',Null),
('5226','1742','22',Null),
('5227','1743','1','Entfeuchter'),
('5228','1743','5','dryer'),
('5229','1743','22','secadora'),
('5230','1744','1',Null),
('5231','1744','5',Null),
('5232','1744','22',Null),
('5239','1747','1','Aufzug'),
('5240','1747','5','lift'),
('5241','1747','22','ascensor'),
('5242','1748','1',Null),
('5243','1748','5',Null),
('5244','1748','22',Null),
('5245','1749','1','möbliert'),
('5246','1749','5','furnished'),
('5247','1749','22','amueblado'),
('5248','1750','1',Null),
('5249','1750','5',Null),
('5250','1750','22',Null),
('5251','1751','1','Bemerkung'),
('5252','1751','5','comment'),
('5253','1751','22','observación'),
('5254','1752','1',Null),
('5255','1752','5',Null),
('5256','1752','22',Null),
('5257','1753','1','Zentralheizung'),
('5258','1753','5','gas central heating'),
('5259','1753','22','calefacción central de gas'),
('5260','1754','1',Null),
('5261','1754','5',Null),
('5262','1754','22',Null),
('5263','1755','1','Klimaanlage'),
('5264','1755','5','air conditioning'),
('5265','1755','22','aire acondicionado'),
('5266','1756','1',Null),
('5267','1756','5',Null),
('5268','1756','22',Null),
('5269','1757','1','umschaltbare Klimaanlage'),
('5270','1757','5','air conditioning warm/cold'),
('5271','1757','22','aire acondicionado caliente/frio'),
('5272','1758','1',Null),
('5273','1758','5',Null),
('5274','1758','22',Null),
('5275','1759','1','Kamin'),
('5276','1759','5','fireplace'),
('5277','1759','22','chimenea'),
('5278','1760','1','Kamine'),
('5279','1760','5','fireplaces'),
('5280','1760','22','chimeneas'),
('5281','1761','1','Bemerkung'),
('5282','1761','5','comment'),
('5283','1761','22','observación'),
('5284','1762','1',Null),
('5285','1762','5',Null),
('5286','1762','22',Null),
('5287','1763','1','direkt am Meer gelegen'),
('5288','1763','5','front line'),
('5289','1763','22','primera línea'),
('5290','1764','1',Null),
('5291','1764','5',Null),
('5292','1764','22',Null),
('5293','1765','1','Strandnähe'),
('5294','1765','5','close to the beach'),
('5295','1765','22','cerca de la playa'),
('5296','1766','1',Null),
('5297','1766','5',Null),
('5298','1766','22',Null),
('5299','1767','1','gefragte Lage'),
('5300','1767','5','in great demand'),
('5301','1767','22','zona muy demandada'),
('5302','1768','1',Null),
('5303','1768','5',Null),
('5304','1768','22',Null),
('5305','1769','1','privat gelegen'),
('5306','1769','5','private location'),
('5307','1769','22','zona privada'),
('5308','1770','1',Null),
('5309','1770','5',Null),
('5310','1770','22',Null),
('5311','1771','1','am Golfplatz gelegen'),
('5312','1771','5','close to the golf course'),
('5313','1771','22','cerca del campo de golf'),
('5314','1772','1',Null),
('5315','1772','5',Null),
('5316','1772','22',Null),
('5317','1773','1','direkter Meerzugang'),
('5318','1773','5','direct sea access'),
('5319','1773','22','acceso directo al mar'),
('5320','1774','1',Null),
('5321','1774','5',Null),
('5322','1774','22',Null),
('5323','1775','1','Bemerkung'),
('5324','1775','5','comment'),
('5325','1775','22','observación'),
('5326','1776','1',Null),
('5327','1776','5',Null),
('5328','1776','22',Null),
('5329','1777','1','Terrassen'),
('5330','1777','5','terraces'),
('5331','1777','22','terrazas'),
('5332','1778','1',Null),
('5333','1778','5',Null),
('5334','1778','22',Null),
('5335','1779','1','überdachte Terrasen'),
('5336','1779','5','porches'),
('5337','1779','22','porches'),
('5338','1780','1',Null),
('5339','1780','5',Null),
('5340','1780','22',Null),
('5341','1781','1','Schwimmbad'),
('5342','1781','5','swimming pool'),
('5343','1781','22','piscina'),
('5344','1782','1',Null),
('5345','1782','5',Null),
('5346','1782','22',Null),
('5347','1783','1','Tennisplatz'),
('5348','1783','5','tennis court'),
('5349','1783','22','pista de tenis'),
('5350','1784','1',Null),
('5351','1784','5',Null),
('5352','1784','22',Null),
('5353','1785','1','Fitnessraum'),
('5354','1785','5','fitness'),
('5355','1785','22','gimnasio'),
('5356','1786','1',Null),
('5357','1786','5',Null),
('5358','1786','22',Null),
('5359','1787','1','Sauna'),
('5360','1787','5','sauna'),
('5361','1787','22','sauna'),
('5362','1788','1',Null),
('5363','1788','5',Null),
('5364','1788','22',Null),
('5365','1789','1','Aufzug'),
('5366','1789','5','lift'),
('5367','1789','22','ascensor'),
('5368','1790','1',Null),
('5369','1790','5',Null),
('5370','1790','22',Null),
('5371','1791','1','mediterraner Garten'),
('5372','1791','5','Mediterranean garden'),
('5373','1791','22','jardín mediterráneo'),
('5374','1792','1',Null),
('5375','1792','5',Null),
('5376','1792','22',Null),
('5377','1793','1','Sommerküche'),
('5378','1793','5','house number'),
('5379','1793','22','número de casa'),
('5380','1794','1',Null),
('5381','1794','5',Null),
('5382','1794','22',Null),
('5383','1795','1','Grillbereich'),
('5384','1795','5','barbecue area'),
('5385','1795','22','zona de barbacoa'),
('5386','1796','1',Null),
('5387','1796','5',Null),
('5388','1796','22',Null),
('5389','1797','1','Stock'),
('5390','1797','5','floor'),
('5391','1797','22','planta'),
('5392','1798','1',Null),
('5393','1798','5',Null),
('5394','1798','22',Null),
('5395','1799','1','Garage'),
('5396','1799','5','Garage'),
('5397','1799','22','Garage'),
('5398','1800','1',Null),
('5399','1800','5',Null),
('5400','1800','22',Null),
('5401','1801','1','Bemerkung'),
('5402','1801','5','comment'),
('5403','1801','22','observación'),
('5404','1802','1',Null),
('5405','1802','5',Null),
('5406','1802','22',Null),
('2152','718','1','ohne Region'),
('2153','718','5',Null),
('2154','718','22',Null),
('2155','719','1','ohne Region'),
('2156','719','5',Null),
('2157','719','22',Null),
('13388','5041','1','ohne Region'),
('13389','5041','5',Null),
('13390','5041','22',Null),
('15008','5581','1',Null),
('15009','5581','5',Null),
('15010','5581','22',Null),
('15011','5582','1','Fußbodenheizung'),
('15012','5582','5','floor heating'),
('15013','5582','22','suelo radiante'),
('14372','5369','1','Lloseta'),
('14373','5369','5',Null),
('14374','5369','22',Null),
('52720','18678','1','Búger'),
('52721','18678','5',Null),
('52722','18678','22',Null),
('52723','18679','1','Port dAlcudia'),
('52724','18679','5',Null),
('52725','18679','22',Null),
('52726','18680','1','Puerto Portals'),
('52727','18680','5',Null),
('52728','18680','22',Null),
('52729','18681','1','Felanitx'),
('52730','18681','5',Null),
('52731','18681','22',Null),
('52732','18682','1','Moscari'),
('52733','18682','5',Null),
('52734','18682','22',Null),
('52735','18683','1','Cala d''Or'),
('52736','18683','5',Null),
('52737','18683','22',Null),
('52738','18684','1','Orient'),
('52739','18684','5',Null),
('52740','18684','22',Null),
('45861','1345','7','appartements + Penthouse'),
('45863','1347','7','Villas + Maisons de campagne'),
('45867','1351','7','parcelles'),
('45868','1352','7','immobilier commercial'),
('45869','1345','17','??????????? + ?????????'),
('45871','1347','17','????? + ??????? ? ?????'),
('45875','1351','17','???????'),
('45876','1352','17','???????????? ????????????'),
('45877','16265','1','Hotels'),
('45878','16265','5','hotels'),
('45879','16265','22','hoteles'),
('49309','17541','1','Cala Serena'),
('49310','17541','5',Null),
('49311','17541','22',Null),
('49312','17542','1','ohne Region'),
('49313','17542','5',Null),
('49314','17542','22',Null),
('49315','17543','1','ohne Region'),
('49316','17543','5',Null),
('49317','17543','22',Null),
('49318','17544','1','ohne Region'),
('49319','17544','5',Null),
('49320','17544','22',Null),
('49321','17545','1','ohne Region'),
('49322','17545','5',Null),
('49323','17545','22',Null),
('49324','17546','1','Son Gual'),
('49325','17546','5',Null),
('49326','17546','22',Null),
('49327','17547','1','ohne Region'),
('49328','17547','5',Null),
('49329','17547','22',Null),
('49333','17549','1','ohne Region'),
('49334','17549','5',Null),
('49335','17549','22',Null),
('53050','18788','1','Mietimmobilie'),
('53051','18788','5','Mietimmobilie'),
('53052','18788','22','Mietimmobilie'),
('53053','18789','1',Null),
('53054','18789','5',Null),
('53055','18789','22',Null),
('53056','18790','1','Mietpreis'),
('53057','18790','5','Mietpreis'),
('53058','18790','22','Mietpreis'),
('53059','18791','1',Null),
('53060','18791','5',Null),
('53061','18791','22',Null),
('53062','446','7','Allemande'),
('53063','446','17','????????'),
('53064','450','7','Anglaise'),
('53065','450','17','??????????'),
('53066','452','7','Francés'),
('53067','452','17','???????????'),
('53068','462','7','Russes'),
('53069','462','17','???????'),
('53070','467','7','Espagnole'),
('53071','467','17','?????????'),
('57500','20146','1','Sa Torre'),
('57501','20146','5',Null),
('57502','20146','22',Null),
('57503','20147','1','Majoris'),
('57504','20147','5',Null),
('57505','20147','22',Null),
('57506','20148','1','ohne Region'),
('57507','20148','5',Null),
('57508','20148','22',Null),
('57509','20149','1','ohne Region'),
('57510','20149','5',Null),
('57511','20149','22',Null),
('57512','20150','1','ohne Region'),
('57513','20150','5',Null),
('57514','20150','22',Null),
('58016','20318','1','Sa Pobla'),
('58017','20318','5',Null),
('58018','20318','22',Null),
('58019','20319','1','Muro'),
('58020','20319','5',Null),
('58021','20319','22',Null),
('58022','20320','1','nur zur Miete'),
('58023','20320','5','nur zur Miete'),
('58024','20320','22','nur zur Miete'),
('58025','20321','1',Null),
('58026','20321','5',Null),
('58027','20321','22',Null),
('62194','21692','1','ohne Region'),
('62195','21692','5',Null),
('62196','21692','22',Null),
('62725','21869','1','Puerto de Andratx'),
('62726','21869','5',Null),
('62727','21869','22',Null),
('62728','21870','1','Gewerbeimmobilie'),
('62729','21870','5','commercial property'),
('62730','21870','22','inmueble comercial'),
('62731','21871','1','Gewerbeimmobilien'),
('62732','21871','5','commercial properties'),
('62733','21871','22','inmuebles comerciales'),
('62734','21871','17','???????????? ????????????'),
('62737','21871','7','immeubles commerciales'),
('83316','28756','1','Colonia de Sant Jordi'),
('83317','28756','5',Null),
('83318','28756','22',Null),
('81084','28012','1','ohne Region'),
('81085','28012','5',Null),
('81086','28012','22',Null);
/* Bereiche */
INSERT INTO Bereiche (BER_ID,BER_NAME,BER_UEN_NAME,BER_FKID_REG_ID,BER_SORTIERUNG,BER_EXPOSERELEVANT,BER_SICHTBAR) VALUES 
('147','Son Veri Nou','1470','10','100',1,1),
('148','Las Palmeras','1471','10','100',1,1),
('149','ohne Region','1472','83','0',0,1),
('150','Zona Colegios','1473','41','100',1,1),
('1','unbekannt','644','1','0',0,1),
('167','ohne Region','28012','96','0',0,Null),
('41','Anchorage Hill','647','8','100',0,0),
('42','Sa Torre','648','10','100',1,1),
('43','Son Font','649','14','100',0,0),
('44','Biniorella','650','15','100',1,1),
('45','Las Palmeras','651','34','100',1,1),
('46','Cala Fornells','652','40','100',1,1),
('48','Bonanova','654','41','100',1,1),
('49','Calatrava','655','41','100',1,1),
('50','El Terreno','656','41','100',1,1),
('51','Es Molinar','657','41','100',1,1),
('52','La Lonja','658','41','100',1,1),
('53','Portixol','659','41','100',1,1),
('54','Santa Catalina','660','41','100',1,1),
('55','Son Caliu','661','42','100',1,1),
('56','Puntiro','662','46','100',1,1),
('160','Cala Serena','17541','88','0',1,1),
('64','Ses Rotes Velles','670','57','100',1,1),
('66','Portals Vells','672','61','100',1,1),
('67','George Sand','673','66','100',1,1),
('68','ohne Region','674','4','0',0,1),
('69','ohne Region','675','5','0',0,1),
('70','ohne Region','676','6','0',0,1),
('71','ohne Region','677','7','0',0,1),
('72','ohne Region','678','8','0',0,1),
('73','ohne Region','679','9','0',0,1),
('74','ohne Region','680','10','0',0,1),
('75','ohne Region','681','11','0',0,1),
('76','ohne Region','682','12','0',0,1),
('77','ohne Region','683','13','0',0,1),
('78','ohne Region','684','14','0',0,1),
('79','ohne Region','685','15','0',0,1),
('80','ohne Region','686','16','0',0,1),
('81','ohne Region','687','17','0',0,1),
('82','ohne Region','688','18','0',0,1),
('83','ohne Region','689','19','0',0,1),
('84','ohne Region','690','20','0',0,1),
('85','ohne Region','691','21','0',0,1),
('86','ohne Region','692','22','0',0,1),
('87','ohne Region','693','23','0',0,1),
('88','ohne Region','694','24','0',0,1),
('89','ohne Region','695','25','0',0,1),
('90','ohne Region','696','26','0',0,1),
('91','ohne Region','697','27','0',0,1),
('92','ohne Region','698','28','0',0,1),
('93','ohne Region','699','29','0',0,1),
('94','ohne Region','700','30','0',0,1),
('95','ohne Region','701','31','0',0,1),
('96','ohne Region','702','32','0',0,1),
('97','ohne Region','703','33','0',0,1),
('98','ohne Region','704','34','0',0,1),
('99','ohne Region','705','35','0',0,1),
('100','ohne Region','706','36','0',0,1),
('101','ohne Region','707','37','0',0,1),
('102','ohne Region','708','38','0',0,1),
('103','ohne Region','709','39','0',0,1),
('104','ohne Region','710','40','0',0,1),
('105','ohne Region','711','41','0',0,1),
('106','ohne Region','712','42','0',0,1),
('107','ohne Region','713','43','0',0,1),
('108','ohne Region','714','44','0',0,1),
('109','ohne Region','715','45','0',0,1),
('110','ohne Region','716','46','0',0,1),
('112','ohne Region','718','48','0',0,1),
('113','ohne Region','719','49','0',0,1),
('114','ohne Region','720','50','0',0,1),
('115','ohne Region','721','51','0',0,1),
('116','ohne Region','722','52','0',0,1),
('117','ohne Region','723','53','0',0,1),
('118','ohne Region','724','54','0',0,1),
('119','ohne Region','725','55','0',0,1),
('120','ohne Region','726','56','0',0,1),
('121','ohne Region','727','57','0',0,1),
('122','ohne Region','728','58','0',0,1),
('123','ohne Region','729','59','0',0,1),
('124','ohne Region','730','60','0',0,1),
('125','ohne Region','731','61','0',0,1),
('126','ohne Region','732','62','0',0,1),
('127','ohne Region','733','63','0',0,1),
('128','ohne Region','734','64','0',0,1),
('129','ohne Region','735','65','0',0,1),
('130','ohne Region','736','66','0',0,1),
('131','ohne Region','737','67','0',0,1),
('132','ohne Region','738','68','0',0,1),
('133','ohne Region','739','69','0',0,1),
('134','ohne Region','740','70','0',0,1),
('135','ohne Region','741','71','0',0,1),
('136','ohne Region','742','72','0',0,1),
('137','ohne Region','743','73','0',0,1),
('138','ohne Region','744','74','0',0,1),
('139','ohne Region','745','75','0',0,1),
('140','ohne Region','746','76','0',0,1),
('141','ohne Region','747','77','0',0,1),
('142','ohne Region','748','78','0',0,1),
('143','ohne Region','749','79','0',0,1),
('144','ohne Region','750','80','0',0,1),
('145','ohne Region','751','81','0',0,1),
('146','ohne Region','752','82','0',0,1),
('151','ohne Region','5041','84','0',0,1),
('152','ohne Region','17542','85','0',0,1),
('153','ohne Region','17543','86','0',0,1),
('154','ohne Region','17544','87','0',0,1),
('157','ohne Region','17545','90','0',0,Null),
('158','Son Gual','17546','41','100',1,Null),
('159','ohne Region','17547','91','0',0,Null),
('156','ohne Region','17549','89','100',0,1),
('163','Sa Torre','20146','34','100',0,0),
('164','Majoris','20147','34','100',0,0),
('161','ohne Region','20148','93','0',0,1),
('162','ohne Region','20149','94','0',0,1),
('165','ohne Region','20150','88','0',0,1),
('166','ohne Region','21692','95','0',0,Null);
/* Sprachen */
INSERT INTO Sprachen (SPR_ID,SPR_SPRACHE,SPR_UEN_SPRACHE,SPR_SORTIERUNG,SPR_UEB_VORHANDEN,SPR_FKID_FLG_ID,SPR_KUERZEL) VALUES 
('1','Deutsch','446','10',1,'1','de'),
('2','Bulgarisch','447','100',0,Null,Null),
('3','Chinesisch','448','100',0,Null,Null),
('4','Dänisch','449','100',0,Null,Null),
('5','Englisch','450','20',1,'3','en'),
('6','Finnisch','451','100',0,Null,Null),
('7','Französisch','452','100',0,Null,Null),
('8','Griechisch','453','100',0,Null,Null),
('9','Hebräisch','454','100',0,Null,Null),
('10','Italienisch','455','100',0,Null,Null),
('11','Japanisch','456','100',0,Null,Null),
('12','Niederländisch','457','100',0,Null,Null),
('13','Norwegisch','458','100',0,Null,Null),
('14','Polnisch','459','100',0,Null,Null),
('15','Portugiesisch','460','100',0,Null,Null),
('16','Rumänisch','461','100',0,Null,Null),
('17','Russisch','462','100',0,Null,Null),
('18','Schwedisch','463','100',0,Null,Null),
('19','Serbisch','464','100',0,Null,Null),
('20','Slowakisch','465','100',0,Null,Null),
('21','Slowenisch','466','100',0,Null,Null),
('22','Spanisch','467','30',1,'5','es'),
('23','Türkisch','468','100',0,Null,Null),
('24','Ungarisch','469','100',0,Null,Null);
/* Regionen */
INSERT INTO Regionen (REG_ID,REG_NAME,REG_UEN_NAME,REG_SORTIERUNG,REG_EXPOSERELEVANT,REG_ZONE,REG_LATITUDE,REG_LONGITUDE,REG_SICHTBAR) VALUES 
('83','Llubi','1469','100',1,4,Null,Null,1),
('1','unbekannt','769','0',0,4,Null,Null,1),
('4','Alaró','770','100',1,4,Null,Null,1),
('5','Andratx','771','100',1,3,Null,Null,1),
('6','Artá','772','100',1,4,Null,Null,1),
('7','Banyalbufar','773','100',1,4,Null,Null,1),
('8','Bendinat','774','100',1,2,Null,Null,1),
('9','Binissallem','775','100',1,4,Null,Null,1),
('10','Cala Blava','776','100',1,4,Null,Null,1),
('11','Cala Mayor','777','100',1,4,Null,Null,1),
('12','Cala Vinyas','778','100',1,2,Null,Null,1),
('13','Calonge','779','100',1,4,Null,Null,1),
('14','Calviá','780','100',1,4,Null,Null,1),
('15','Camp de Mar','781','100',1,3,Null,Null,1),
('16','Campanet','782','100',1,4,Null,Null,1),
('17','Campos','783','100',1,4,Null,Null,1),
('18','Capdella','784','100',1,4,Null,Null,1),
('19','Cas Catalá','785','100',1,2,Null,Null,1),
('20','Costa de Canyamel','786','100',1,4,Null,Null,1),
('21','Costa de la Calma','787','100',1,2,Null,Null,1),
('22','Costa d''en Blanes','788','100',1,2,Null,Null,1),
('23','Costix','789','100',1,4,Null,Null,1),
('24','Deía','790','100',1,4,Null,Null,1),
('25','El Toro','791','100',1,2,Null,Null,1),
('26','Esporles','792','100',1,4,Null,Null,1),
('27','Establiments','793','100',1,4,Null,Null,1),
('28','Estellencs','794','100',1,4,Null,Null,1),
('29','Fornalutx','795','100',1,4,Null,Null,1),
('30','Galilea','796','100',1,4,Null,Null,1),
('31','Génova','797','100',1,2,Null,Null,1),
('32','Illetas','798','100',1,2,Null,Null,1),
('33','Inca','799','100',1,4,Null,Null,1),
('34','Llucmajor','800','100',1,4,Null,Null,1),
('35','Magaluf','801','100',1,4,Null,Null,1),
('36','Manacor','802','100',1,4,Null,Null,1),
('37','Maria de la Salud','803','100',1,4,Null,Null,1),
('38','Marratxi','804','100',1,4,Null,Null,1),
('39','Montuiri','805','100',1,4,Null,Null,1),
('40','Paguera','806','100',1,3,Null,Null,1),
('41','Palma de Mallorca','807','100',1,1,Null,Null,1),
('42','Palma Nova','808','100',1,2,Null,Null,1),
('43','Pollensa','809','100',1,4,Null,Null,1),
('44','Portals Nous','810','100',1,2,Null,Null,1),
('45','Porto Christo','811','100',1,4,Null,Null,1),
('46','Portól','812','100',1,4,Null,Null,1),
('48','Pto. Pollensa','814','100',1,4,Null,Null,1),
('49','Puigpunyent','815','100',1,4,Null,Null,1),
('50','Randa','816','100',1,4,Null,Null,1),
('51','S''Aranjassa','817','100',1,4,Null,Null,1),
('52','S''Arraco','818','100',1,4,Null,Null,1),
('53','San Agustin','819','100',1,4,Null,Null,1),
('54','San Telmo','820','100',1,4,Null,Null,1),
('55','Santa Eugenia','821','100',1,4,Null,Null,1),
('56','Santa Maria','822','100',1,4,Null,Null,1),
('57','Santa Ponsa','823','100',1,2,Null,Null,1),
('58','Santanyi','824','100',1,4,Null,Null,1),
('59','Selva','825','100',1,4,Null,Null,1),
('60','Sencelles','826','100',1,4,Null,Null,1),
('61','Sol de Mallorca','827','100',1,2,Null,Null,1),
('62','Sóller','828','100',1,4,Null,Null,1),
('63','Son Español','829','100',1,4,Null,Null,1),
('64','Son Ferrer','830','100',1,4,Null,Null,1),
('65','Son Vida','831','100',1,4,Null,Null,1),
('66','Valldemossa','832','100',1,4,Null,Null,1),
('67','Algaida','833','100',1,4,Null,Null,1),
('68','Ariany','834','100',1,4,Null,Null,1),
('69','Bahia Azul','835','100',1,4,Null,Null,1),
('70','Bunyola','836','100',1,4,Null,Null,1),
('71','Cala Pi','837','100',1,4,Null,Null,1),
('72','Cala San Vicente','838','100',1,4,Null,Null,1),
('73','Consell','839','100',1,4,Null,Null,1),
('74','Es Garrover','840','100',1,4,Null,Null,1),
('75','Lloret de Vistalegre','841','100',1,4,Null,Null,1),
('76','Mancor de la Val','842','100',1,4,Null,Null,1),
('77','Petra','843','100',1,4,Null,Null,1),
('78','Porreres','844','100',1,4,Null,Null,1),
('79','S''Horta','845','100',1,4,Null,Null,1),
('80','Sa Cabaneta','846','100',1,4,Null,Null,1),
('81','Sineu','847','100',1,4,Null,Null,1),
('82','Son Servera','848','100',1,4,Null,Null,1),
('84','Lloseta','5369','100',1,4,Null,Null,1),
('85','Búger','18678','100',1,0,'2.9855786','39.7592724',1),
('86','Port dAlcudia','18679','100',1,0,'3.1331634521','39.8407043608',1),
('87','Puerto Portals','18680','100',1,0,'2.567024231','39.5317835322',1),
('90','Felanitx','18681','100',1,0,Null,Null,Null),
('91','Moscari','18682','100',1,0,Null,Null,Null),
('88','Cala d''Or','18683','100',1,0,Null,Null,1),
('89','Orient','18684','100',1,0,Null,Null,1),
('93','Sa Pobla','20318','100',1,0,Null,Null,1),
('94','Muro','20319','100',1,0,Null,Null,1),
('96','Colonia de Sant Jordi','28756','100',1,0,Null,Null,Null),
('95','Puerto de Andratx','21869','100',1,0,Null,Null,Null);
/* Eigenschaftsarten */
INSERT INTO Eigenschaftsarten (EIA_ID,EIA_BESCHREIBUNG,EIA_UEN_BESCHREIBUNG,EIA_SORTIERUNG,EIA_WERTEINGABEMOEGLICH,EIA_MINWERT,EIA_MAXWERT,EIA_FKID_EIT_ID,EIA_FKID_EIG_ID,EIA_NEWSLETTERRELEVANT,EIA_FKID_EIN_ID,EIA_EXPOSERELEVANT,EIA_PLURAL,EIA_UEN_PLURAL,EIA_FORMAT,EIA_EXPOSE_ANZEIGE_GITTER,EIA_EXPOSE_EIG_ANZEIGEN,EIA_EXCELLISTE_SPALTE,EIA_INTERNETRELEVANT,EIA_EXPOSE_GETRENNT_ANZEIGEN,EIA_STBL_GITTER,EIA_STBL_EIG_ANZEIGEN,EIA_STBL_BEMERKUNG_ANZEIGEN,EIA_STBL_LISTE,EIA_STBL_LISTENNAME) VALUES 
('584','Soundsystem','1729','100',0,Null,Null,'8','48',1,Null,1,Null,'1730',Null,0,0,Null,Null,0,'0',0,0,'0',Null),
('585','Wasseraufbereitungsanlage','1731','100',0,Null,Null,'8','48',1,Null,1,Null,'1732',Null,0,0,Null,Null,0,'0',0,0,'0',Null),
('586','Solaranlage','1733','100',0,Null,Null,'8','48',1,Null,1,Null,'1734',Null,0,0,Null,Null,0,'0',0,0,'0',Null),
('587','Aut. Türöffner','1735','100',0,Null,Null,'8','48',1,Null,1,Null,'1736',Null,0,0,Null,Null,0,'0',0,0,'0',Null),
('588','Video Gegensprechanlage','1737','100',0,Null,Null,'8','48',1,Null,1,Null,'1738',Null,0,0,Null,Null,0,'0',0,0,'0',Null),
('589','Videoüberwachung','1739','100',0,Null,Null,'8','48',1,Null,1,Null,'1740',Null,0,0,Null,Null,0,'0',0,0,'0',Null),
('590','Waschmaschine','1741','100',0,Null,Null,'8','48',1,Null,1,Null,'1742',Null,0,0,Null,Null,0,'0',0,0,'0',Null),
('591','Entfeuchter','1743','100',0,Null,Null,'8','48',1,Null,1,Null,'1744',Null,0,0,Null,Null,0,'0',0,0,'0',Null),
('593','Aufzug','1747','100',0,Null,Null,'8','48',1,Null,1,Null,'1748',Null,0,0,Null,Null,0,'0',0,0,'0',Null),
('594','möbliert','1749','100',1,Null,Null,'6','48',1,Null,1,Null,'1750',Null,0,0,Null,Null,0,'0',0,0,'0',Null),
('595','Bemerkung','1751','100',1,Null,Null,'11','48',1,Null,1,Null,'1752',Null,0,0,Null,Null,0,'0',0,0,'0',Null),
('596','Zentralheizung','1753','100',1,Null,Null,'6','47',1,Null,1,Null,'1754',Null,0,0,Null,Null,0,'0',0,0,'0',Null),
('597','Klimaanlage','1755','100',1,Null,Null,'6','47',1,Null,1,Null,'1756',Null,0,0,Null,Null,0,'0',0,0,'0',Null),
('598','umschaltbare Klimaanlage','1757','100',1,Null,Null,'6','47',1,Null,1,Null,'1758',Null,0,0,Null,Null,0,'0',0,0,'0',Null),
('599','Kamin','1759','100',1,Null,Null,'6','47',1,Null,1,'Kamine','1760',Null,0,0,Null,Null,0,'0',0,0,'0',Null),
('600','Bemerkung','1761','100',1,Null,Null,'11','47',1,Null,1,Null,'1762',Null,0,0,Null,Null,0,'0',0,0,'0',Null),
('601','direkt am Meer gelegen','1763','100',0,Null,Null,'8','55',1,Null,1,Null,'1764',Null,0,0,Null,Null,0,'0',0,0,'0',Null),
('602','Strandnähe','1765','100',0,Null,Null,'8','55',1,Null,1,Null,'1766',Null,0,0,Null,Null,0,'0',0,0,'0',Null),
('603','gefragte Lage','1767','100',0,Null,Null,'8','55',1,Null,1,Null,'1768',Null,0,0,Null,Null,0,'0',0,0,'0',Null),
('604','privat gelegen','1769','100',0,Null,Null,'8','55',1,Null,1,Null,'1770',Null,0,0,Null,Null,0,'0',0,0,'0',Null),
('605','am Golfplatz gelegen','1771','100',0,Null,Null,'8','55',1,Null,1,Null,'1772',Null,0,0,Null,Null,0,'0',0,0,'0',Null),
('606','direkter Meerzugang','1773','100',0,Null,Null,'8','55',1,Null,1,Null,'1774',Null,0,0,Null,Null,0,'0',0,0,'0',Null),
('607','Bemerkung','1775','100',1,Null,Null,'11','55',1,Null,1,Null,'1776',Null,0,0,Null,Null,0,'0',0,0,'0',Null),
('608','Terrassen','1777','100',1,Null,Null,'5','54',1,'3',1,Null,'1778',Null,0,0,Null,Null,0,'0',0,0,'0',Null),
('609','überdachte Terrasen','1779','100',1,Null,Null,'5','54',1,'3',1,Null,'1780',Null,0,0,Null,Null,0,'0',0,0,'0',Null),
('610','Schwimmbad','1781','100',1,Null,Null,'6','54',1,Null,1,Null,'1782',Null,0,0,Null,Null,0,'0',0,0,'0',Null),
('611','Tennisplatz','1783','100',1,Null,Null,'6','54',1,Null,1,Null,'1784',Null,0,0,Null,Null,0,'0',0,0,'0',Null),
('612','Fitnessraum','1785','100',0,Null,Null,'8','54',1,Null,1,Null,'1786',Null,0,0,Null,Null,0,'0',0,0,'0',Null),
('613','Sauna','1787','100',0,Null,Null,'8','54',1,Null,1,Null,'1788',Null,0,0,Null,Null,0,'0',0,0,'0',Null),
('614','Aufzug','1789','100',0,Null,Null,'8','54',1,Null,1,Null,'1790',Null,0,0,Null,Null,0,'0',0,0,'0',Null),
('615','mediterraner Garten','1791','100',1,Null,Null,'6','54',1,Null,1,Null,'1792',Null,0,0,Null,Null,0,'0',0,0,'0',Null),
('616','Sommerküche','1793','100',1,Null,Null,'6','54',1,Null,1,Null,'1794',Null,0,0,Null,Null,0,'0',0,0,'0',Null),
('617','Grillbereich','1795','100',1,Null,Null,'6','54',1,Null,1,Null,'1796',Null,0,0,Null,Null,0,'0',0,0,'0',Null),
('618','Stock','1797','100',1,Null,Null,'4','54',1,Null,1,Null,'1798',Null,0,0,Null,Null,0,'0',0,0,'0',Null),
('619','Garage','1799','100',1,Null,Null,'4','54',1,Null,1,Null,'1800',Null,0,0,Null,Null,0,'0',0,0,'0',Null),
('620','Bemerkung','1801','100',1,Null,Null,'11','54',1,Null,1,Null,'1802',Null,0,0,Null,Null,0,'0',0,0,'0',Null),
('1','Schlafzimmer','977','40',1,Null,Null,'4','42',1,Null,1,'Schlafzimmer','1133',Null,1,0,'6',Null,0,'0',0,0,'0',Null),
('541','weiter Landschaftsblick','1643','100',1,Null,Null,'6','50',1,Null,1,Null,'1644',Null,0,0,Null,Null,0,'0',0,0,'0',Null),
('542','Blick auf den Golfplatz','1645','100',1,Null,Null,'6','50',1,Null,1,Null,'1646',Null,0,0,Null,Null,0,'0',0,0,'0',Null),
('543','Bemerkung','1647','100',1,Null,Null,'11','50',1,Null,1,Null,'1648',Null,0,0,Null,Null,0,'0',0,0,'0',Null),
('544','Fliesen','1649','100',0,Null,Null,'8','45',1,Null,1,Null,'1650',Null,0,0,Null,Null,0,'0',0,0,'0',Null),
('545','Marmor','1651','100',0,Null,Null,'8','45',1,Null,1,Null,'1652',Null,0,0,Null,Null,0,'0',0,0,'0',Null),
('546','Terracotta','1653','100',0,Null,Null,'8','45',1,Null,1,Null,'1654',Null,0,0,Null,Null,0,'0',0,0,'0',Null),
('547','Parkett','1655','100',0,Null,Null,'8','45',1,Null,1,Null,'1656',Null,0,0,Null,Null,0,'0',0,0,'0',Null),
('548','Laminat','1657','100',0,Null,Null,'8','45',1,Null,1,Null,'1658',Null,0,0,Null,Null,0,'0',0,0,'0',Null),
('549','Teppich','1659','100',0,Null,Null,'8','45',1,Null,1,Null,'1660',Null,0,0,Null,Null,0,'0',0,0,'0',Null),
('550','Bemerkung','1661','100',1,Null,Null,'11','45',1,Null,1,Null,'1662',Null,0,0,Null,Null,0,'0',0,0,'0',Null),
('551','Escritura','1663','100',1,Null,Null,'5','41',1,'1',1,Null,'1664',Null,0,0,Null,Null,0,'0',0,0,'0',Null),
('553','Grundstück','1667','20',1,Null,Null,'5','41',1,'3',1,Null,'1668',Null,1,0,'4',Null,1,'0',0,0,'0',Null),
('554','konstruierte Fläche','1669','100',1,Null,Null,'5','41',1,'3',1,Null,'1670',Null,0,0,Null,Null,0,'0',0,0,'0',Null),
('555','gesamte Nutzfläche','1671','100',1,Null,Null,'5','41',1,'3',1,Null,'1672',Null,0,0,Null,Null,0,'0',0,0,'0',Null),
('556','Etage','1673','100',1,Null,Null,'4','41',1,Null,1,'Etagen','1674',Null,0,0,Null,Null,0,'0',0,0,'0',Null),
('557','mtl. Umlage','1675','100',1,Null,Null,'6','41',1,'1',1,Null,'1676',Null,0,0,Null,Null,0,'0',0,0,'0',Null),
('558','Baujahr','1677','10',1,Null,Null,'6','41',1,Null,1,Null,'1678',Null,1,0,'3',Null,1,'0',0,0,'0',Null),
('559','Fertigstellung','1679','100',1,Null,Null,'6','41',1,Null,1,Null,'1680',Null,0,0,Null,Null,0,'0',0,0,'0',Null),
('560','Schlüssel','1681','100',1,Null,Null,'6','41',1,Null,1,Null,'1682',Null,0,0,Null,Null,0,'0',0,0,'0',Null),
('561','Bauschild','1683','100',0,Null,Null,'8','41',1,Null,1,Null,'1684',Null,0,0,Null,Null,0,'0',0,0,'0',Null),
('562','Lokalnummer','1685','100',1,Null,Null,'6','41',1,Null,1,Null,'1686',Null,0,0,Null,Null,0,'0',0,0,'0',Null),
('563','Bewohnbarkeitsbescheinigung','1687','100',0,Null,Null,'8','41',1,Null,1,Null,'1688',Null,0,0,Null,Null,0,'0',0,0,'0',Null),
('564','Bemerkung','1689','100',1,Null,Null,'11','41',1,Null,1,Null,'1690',Null,0,0,Null,Null,0,'0',0,0,'0',Null),
('565','Aluminium Fennster','1691','100',0,Null,Null,'8','46',1,Null,1,Null,'1692',Null,0,0,Null,Null,0,'0',0,0,'0',Null),
('566','PVC Fenster','1693','100',0,Null,Null,'8','46',1,Null,1,Null,'1694',Null,0,0,Null,Null,0,'0',0,0,'0',Null),
('567','Holzfenster','1695','100',0,Null,Null,'8','46',1,Null,1,Null,'1696',Null,0,0,Null,Null,0,'0',0,0,'0',Null),
('568','Einfache Verglasung','1697','100',0,Null,Null,'8','46',1,Null,1,Null,'1698',Null,0,0,Null,Null,0,'0',0,0,'0',Null),
('569','elektrische Rollläden','1699','100',0,Null,Null,'8','46',1,Null,1,Null,'1700',Null,0,0,Null,Null,0,'0',0,0,'0',Null),
('570','Sicherheit Verglasung','1701','100',0,Null,Null,'8','46',1,Null,1,Null,'1702',Null,0,0,Null,Null,0,'0',0,0,'0',Null),
('571','Alumnium Fensterläden','1703','100',0,Null,Null,'8','46',1,Null,1,Null,'1704',Null,0,0,Null,Null,0,'0',0,0,'0',Null),
('572','Holzfensterläden','1705','100',0,Null,Null,'8','46',1,Null,1,Null,'1706',Null,0,0,Null,Null,0,'0',0,0,'0',Null),
('573','PVC Fensterläden','1707','100',0,Null,Null,'8','46',1,Null,1,Null,'1708',Null,0,0,Null,Null,0,'0',0,0,'0',Null),
('574','Rollade','1709','100',1,Null,Null,'6','46',1,Null,1,Null,'1710',Null,0,0,Null,Null,0,'0',0,0,'0',Null),
('575','Markise','1711','100',1,Null,Null,'6','46',1,Null,1,Null,'1712',Null,0,0,Null,Null,0,'0',0,0,'0',Null),
('576','Bemerkung','1713','100',1,Null,Null,'11','46',1,Null,1,Null,'1714',Null,0,0,Null,Null,0,'0',0,0,'0',Null),
('577','Einbauküche','1715','100',1,Null,Null,'6','48',1,Null,1,Null,'1716',Null,0,0,Null,Null,0,'0',0,0,'0',Null),
('578','Ohne Elektrogeräte','1717','100',0,Null,Null,'8','48',1,Null,1,Null,'1718',Null,0,0,Null,Null,0,'0',0,0,'0',Null),
('579','Küche Preinstallation','1719','100',0,Null,Null,'8','48',1,Null,1,Null,'1720',Null,0,0,Null,Null,0,'0',0,0,'0',Null),
('580','Einbauschränke','1721','100',1,Null,Null,'6','48',1,Null,1,Null,'1722',Null,0,0,Null,Null,0,'0',0,0,'0',Null),
('581','Telefon','1723','100',1,Null,Null,'6','48',1,Null,1,Null,'1724',Null,0,0,Null,Null,0,'0',0,0,'0',Null),
('582','Alarmanlage','1725','100',1,Null,Null,'6','48',1,Null,1,Null,'1726',Null,0,0,Null,Null,0,'0',0,0,'0',Null),
('583','SAT-TV','1727','100',0,Null,Null,'8','48',1,Null,1,Null,'1728',Null,0,0,Null,Null,0,'0',0,0,'0',Null),
('2','Wohnfläche','1104','30',1,Null,Null,'5','41',1,'3',1,Null,'1230',Null,1,0,'5',Null,1,'0',0,0,'0',Null),
('466','Wohn-/Esszimmer','1493','100',0,Null,Null,'8','42',1,Null,1,'Wohn-/Esszimmer','1494',Null,0,0,Null,Null,0,'0',0,0,'0',Null),
('467','Wohnzimmer','1495','100',0,Null,Null,'8','42',1,Null,1,'Wohnzimmer','1496',Null,0,0,Null,Null,0,'0',0,0,'0',Null),
('468','Esszimmer','1497','100',0,Null,Null,'8','42',1,Null,1,'Esszimmer','1498',Null,0,0,Null,Null,0,'0',0,0,'0',Null),
('469','Wohn-/Schlafzimmer','1499','100',0,Null,Null,'8','42',1,Null,1,'Wohn-/Schlafzimmer','1500',Null,0,0,Null,Null,0,'0',0,0,'0',Null),
('470','2. Wohnzimmer','1501','100',0,Null,Null,'8','42',1,Null,1,Null,'1502',Null,0,0,Null,Null,0,'0',0,0,'0',Null),
('471','Bibliothek','1503','100',0,Null,Null,'8','42',1,Null,1,'Bibliotheken','1504',Null,0,0,Null,Null,0,'0',0,0,'0',Null),
('472','Galerie','1505','100',0,Null,Null,'8','42',1,Null,1,'Galerien','1506',Null,0,0,Null,Null,0,'0',0,0,'0',Null),
('473','Büro','1507','100',0,Null,Null,'8','42',1,Null,1,'Büros','1508',Null,0,0,Null,Null,0,'0',0,0,'0',Null),
('474','Küche','1509','100',1,Null,Null,'6','42',1,Null,1,'Küchen','1510',Null,0,0,Null,Null,0,'0',0,0,'0',Null),
('475','Speisekammer','1511','100',0,Null,Null,'8','42',1,Null,1,Null,'1512',Null,0,0,Null,Null,0,'0',0,0,'0',Null),
('476','amerikanische Küche','1513','100',1,Null,Null,'6','42',1,Null,1,'amerikanische Küchen','1514',Null,0,0,Null,Null,0,'0',0,0,'0',Null),
('477','Wintergarten','1515','100',0,Null,Null,'8','42',1,Null,1,'Wintergärten','1516',Null,0,0,Null,Null,0,'0',0,0,'0',Null),
('478','Bad','1517','50',1,Null,Null,'6','42',1,Null,1,'Bäder','1518',Null,1,0,'7',Null,0,'0',0,0,'0',Null),
('479','Ankleide','1519','100',1,Null,Null,'4','42',1,Null,1,'Ankleiden','1520',Null,0,0,Null,Null,0,'0',0,0,'0',Null),
('480','Gästetoilette','1521','100',1,Null,Null,'4','42',1,Null,1,'Gästetoiletten','1522',Null,0,0,Null,Null,0,'0',0,0,'0',Null),
('481','Wirtschaftsraum','1523','100',0,Null,Null,'8','42',1,Null,1,'Wirtschaftsräume','1524',Null,0,0,Null,Null,0,'0',0,0,'0',Null),
('482','Abstellraum','1525','100',0,Null,Null,'8','42',1,Null,1,'Abstellräume','1526',Null,0,0,Null,Null,0,'0',0,0,'0',Null),
('483','Technikraum','1527','100',0,Null,Null,'8','42',1,Null,1,'Technikräume','1528',Null,0,0,Null,Null,0,'0',0,0,'0',Null),
('484','Fitnessraum','1529','100',0,Null,Null,'8','42',1,Null,1,'Fitnessräume','1530',Null,0,0,Null,Null,0,'0',0,0,'0',Null),
('485','Sauna','1531','100',0,Null,Null,'8','42',1,Null,1,'Saunen','1532',Null,0,0,Null,Null,0,'0',0,0,'0',Null),
('486','Weinkeller','1533','100',0,Null,Null,'8','42',1,Null,1,'Weinkeller','1534',Null,0,0,Null,Null,0,'0',0,0,'0',Null),
('487','Keller','1535','100',1,Null,Null,'6','42',1,Null,1,'Keller','1536',Null,0,0,Null,Null,0,'0',0,0,'0',Null),
('488','Bar','1537','100',0,Null,Null,'8','42',1,Null,1,'Bars','1538',Null,0,0,Null,Null,0,'0',0,0,'0',Null),
('489','Lager','1539','100',1,Null,Null,'5','42',1,'3',1,Null,'1540',Null,0,0,Null,Null,0,'0',0,0,'0',Null),
('490','Anzahl Räume','1541','100',1,Null,Null,'4','42',1,Null,1,Null,'1542',Null,0,0,Null,Null,0,'0',0,0,'0',Null),
('491','Anzahl Toiletten','1543','100',1,Null,Null,'4','42',1,Null,1,Null,'1544',Null,0,0,Null,Null,0,'0',0,0,'0',Null),
('492','Gästeapartment','1545','100',1,Null,Null,'6','42',1,Null,1,'Gästeapartments','1546',Null,0,0,Null,Null,0,'0',0,0,'0',Null),
('493','Gästehaus','1547','100',1,Null,Null,'6','42',1,Null,1,'Gästehäuser','1548',Null,0,0,Null,Null,0,'0',0,0,'0',Null),
('495','Terrasse','1551','100',1,Null,Null,'5','43',1,'3',1,'Terrassen','1552',Null,0,0,Null,Null,0,'0',0,0,'0',Null),
('496','Freiterrassen','1553','100',1,Null,Null,'5','43',1,'3',1,'Freiterrassen','1554',Null,0,0,Null,Null,0,'0',0,0,'0',Null),
('497','überdachte Terrasse','1555','100',1,Null,Null,'5','43',1,'3',1,'überdachte Terrassen','1556',Null,0,0,Null,Null,0,'0',0,0,'0',Null),
('498','Dachterrasse','1557','100',1,Null,Null,'5','43',1,'3',1,'Dachterrassen','1558',Null,0,0,Null,Null,0,'0',0,0,'0',Null),
('499','Balkon','1559','100',1,Null,Null,'5','43',1,'3',1,'Balkone','1560',Null,0,0,Null,Null,0,'0',0,0,'0',Null),
('500','Patio','1561','100',1,Null,Null,'5','43',1,'3',1,'Patios','1562',Null,0,0,Null,Null,0,'0',0,0,'0',Null),
('501','Garten','1563','100',1,Null,Null,'5','43',1,'3',1,'Gärten','1564',Null,0,0,Null,Null,0,'0',0,0,'0',Null),
('502','automatische Bewässerung','1565','100',0,Null,Null,'8','43',1,Null,1,Null,'1566',Null,0,0,Null,Null,0,'0',0,0,'0',Null),
('503','Swimmingpool','1567','100',1,Null,Null,'6','43',1,Null,1,'Swimmingpools','1568',Null,0,0,Null,Null,0,'0',0,0,'0',Null),
('504','Tennisplatz','1569','100',1,Null,Null,'4','43',1,Null,1,'Tennisplätze','1570',Null,0,0,Null,Null,0,'0',0,0,'0',Null),
('505','Garage','1571','100',1,Null,Null,'4','43',1,Null,1,'Garagen','1572',Null,0,0,Null,Null,0,'0',0,0,'0',Null),
('506','Doppelgarage','1573','100',0,Null,Null,'8','43',1,Null,1,'Doppelgaragen','1574',Null,0,0,Null,Null,0,'0',0,0,'0',Null),
('507','Garagenplatz','1575','100',0,Null,Null,'8','43',1,Null,1,Null,'1576',Null,0,0,Null,Null,0,'0',0,0,'0',Null),
('508','Tiefgarage','1577','100',0,Null,Null,'8','43',1,Null,1,'Tiefgaragen','1578',Null,0,0,Null,Null,0,'0',0,0,'0',Null),
('509','Carport','1579','100',0,Null,Null,'8','43',1,Null,1,'Carports','1580',Null,0,0,Null,Null,0,'0',0,0,'0',Null),
('510','PKW-Stellplatz','1581','100',1,Null,Null,'6','43',1,Null,1,'PKW-Stellplätze','1582',Null,0,0,Null,Null,0,'0',0,0,'0',Null),
('511','Sommerküche','1583','100',0,Null,Null,'8','43',1,Null,1,'Sommerküchen','1584',Null,0,0,Null,Null,0,'0',0,0,'0',Null),
('512','Barbecue','1585','100',0,Null,Null,'8','43',1,Null,1,'Barbecues','1586',Null,0,0,Null,Null,0,'0',0,0,'0',Null),
('513','Jacuzzi','1587','100',0,Null,Null,'8','43',1,Null,1,'Jacuzzi','1588',Null,0,0,Null,Null,0,'0',0,0,'0',Null),
('514','Brunnen','1589','100',0,Null,Null,'8','43',1,Null,1,'Brunnen','1590',Null,0,0,Null,Null,0,'0',0,0,'0',Null),
('515','Bemerkung','1591','100',1,Null,Null,'11','43',1,Null,1,Null,'1592',Null,0,0,Null,Null,0,'0',0,0,'0',Null),
('516','Süd','1593','100',0,Null,Null,'8','49',1,Null,1,Null,'1594',Null,0,0,Null,Null,0,'0',0,0,'0',Null),
('517','Nord','1595','100',0,Null,Null,'8','49',1,Null,1,Null,'1596',Null,0,0,Null,Null,0,'0',0,0,'0',Null),
('518','Ost','1597','100',0,Null,Null,'8','49',1,Null,1,Null,'1598',Null,0,0,Null,Null,0,'0',0,0,'0',Null),
('519','West','1599','100',0,Null,Null,'8','49',1,Null,1,Null,'1600',Null,0,0,Null,Null,0,'0',0,0,'0',Null),
('520','Bemerkung','1601','100',1,Null,Null,'11','49',1,Null,1,Null,'1602',Null,0,0,Null,Null,0,'0',0,0,'0',Null),
('521','in Urbanisation','1603','100',0,Null,Null,'8','51',1,Null,1,Null,'1604',Null,0,0,Null,Null,0,'0',0,0,'0',Null),
('522','für Großprojekt','1605','100',0,Null,Null,'8','51',1,Null,1,Null,'1606',Null,0,0,Null,Null,0,'0',0,0,'0',Null),
('523','auf dem Land','1607','100',0,Null,Null,'8','51',1,Null,1,Null,'1608',Null,0,0,Null,Null,0,'0',0,0,'0',Null),
('524','Baugenehmigung','1609','100',0,Null,Null,'8','51',1,Null,1,Null,'1610',Null,0,0,Null,Null,0,'0',0,0,'0',Null),
('525','Planung','1611','100',0,Null,Null,'8','51',1,Null,1,Null,'1612',Null,0,0,Null,Null,0,'0',0,0,'0',Null),
('526','eben','1613','100',0,Null,Null,'8','51',1,Null,1,Null,'1614',Null,0,0,Null,Null,0,'0',0,0,'0',Null),
('527','leichte Hanglage','1615','100',0,Null,Null,'8','51',1,Null,1,Null,'1616',Null,0,0,Null,Null,0,'0',0,0,'0',Null),
('528','steile Hanglage','1617','100',0,Null,Null,'8','51',1,Null,1,Null,'1618',Null,0,0,Null,Null,0,'0',0,0,'0',Null),
('529','Grundstücksnummer','1619','100',1,Null,Null,'6','51',1,Null,1,Null,'1620',Null,0,0,Null,Null,0,'0',0,0,'0',Null),
('530','Bauvorschriften','1621','100',1,Null,Null,'6','51',1,Null,1,Null,'1622',Null,0,0,Null,Null,0,'0',0,0,'0',Null),
('531','max. Überbauung','1623','100',1,Null,Null,'6','51',1,Null,1,Null,'1624',Null,0,0,Null,Null,0,'0',0,0,'0',Null),
('532','max. Wohnfläche','1625','100',1,Null,Null,'6','51',1,Null,1,Null,'1626',Null,0,0,Null,Null,0,'0',0,0,'0',Null),
('533','max. Geschosse','1627','100',1,Null,Null,'6','51',1,Null,1,Null,'1628',Null,0,0,Null,Null,0,'0',0,0,'0',Null),
('534','max. Geschosshöhe','1629','100',1,Null,Null,'6','51',1,Null,1,Null,'1630',Null,0,0,Null,Null,0,'0',0,0,'0',Null),
('535','max. Gebäudehöhe','1631','100',1,Null,Null,'6','51',1,Null,1,Null,'1632',Null,0,0,Null,Null,0,'0',0,0,'0',Null),
('536','Grenzabstand','1633','100',1,Null,Null,'6','51',1,Null,1,Null,'1634',Null,0,0,Null,Null,0,'0',0,0,'0',Null),
('537','Bemerkung','1635','100',1,Null,Null,'11','51',1,Null,1,Null,'1636',Null,0,0,Null,Null,0,'0',0,0,'0',Null),
('538','Meerblick','1637','100',1,Null,Null,'6','50',1,Null,1,Null,'1638',Null,0,0,Null,Null,0,'0',0,0,'0',Null),
('539','Hafenblick','1639','100',1,Null,Null,'6','50',1,Null,1,Null,'1640',Null,0,0,Null,Null,0,'0',0,0,'0',Null),
('540','Panoramablick','1641','100',1,Null,Null,'6','50',1,Null,1,Null,'1642',Null,0,0,Null,Null,0,'0',0,0,'0',Null),
('621','Fußbodenheizung','5582','100',1,Null,Null,'6','47',1,Null,1,Null,'5581',Null,0,0,Null,Null,0,'0',0,0,'0',Null),
('494','Bemerkung','1549','100',1,Null,Null,'11','42',1,Null,1,Null,'1550',Null,0,0,Null,Null,0,'0',0,0,'0',Null),
('3','Provision','1665','100',1,Null,Null,'5','41',1,'2',1,Null,'1666',Null,0,0,Null,Null,0,'0',0,0,'0',Null),
('622','Mietimmobilie','18788','980',0,Null,Null,'8','41',1,Null,1,Null,'18789',Null,0,1,Null,Null,0,'0',0,0,'0',Null),
('623','Mietpreis','18790','990',1,Null,Null,'5','41',1,'1',1,Null,'18791',Null,0,1,Null,Null,0,'0',0,0,'0',Null),
('624','nur zur Miete','20320','985',0,Null,Null,'8','41',1,Null,1,Null,'20321',Null,0,1,Null,Null,0,'0',0,0,'0',Null);
/* Eigenschaftstypen */
INSERT INTO Eigenschaftstypen (EIT_ID,EIT_BESCHREIBUNG,EIT_UEN_BESCHREIBUNG,EIT_SORTIERUNG) VALUES 
('1','Auswahlfeld - Mehrfache Auswahl','154','100'),
('2','Auswahlfeld - Einfache Auswahl','155','100'),
('3','Auswahlliste','156','100'),
('4','Ganzzahl','157','100'),
('5','Gebrochener Wert','158','100'),
('6','Text','159','100'),
('7','Datum','160','100'),
('8','Keine Werteingabe möglich','161','100'),
('9','Währung','162','100'),
('10','Datum und Uhrzeit','163','100'),
('11','Bemerkungsfeld','164','100');
/* Eigenschaftsgruppen */
INSERT INTO Eigenschaftsgruppen (EIG_ID,EIG_BESCHREIBUNG,EIG_UEN_BESCHREIBUNG,EIG_RAUMFRAME,EIG_SORTIERUNG,EIG_FKID_EIG_ID,EIG_EXPOSERELEVANT,EIG_SCHAUKASTEN,EIG_FKID_EOG_ID) VALUES 
('41','Details','1066',0,'10',Null,1,0,Null),
('42','Aufteilung','1067',1,'20',Null,1,1,Null),
('43','Außenanlagen','1068',2,'30',Null,1,0,Null),
('45','Böden','1070',0,'80',Null,1,0,Null),
('46','Fenster','1071',0,'90',Null,1,0,Null),
('47','Heizung','1072',0,'100',Null,1,0,Null),
('48','Haustechnik','1073',0,'110',Null,1,0,Null),
('49','Ausrichtung','1091',0,'50',Null,1,0,Null),
('50','Blicke','1092',0,'70',Null,1,0,Null),
('51','Baugrundstück','1276',0,'120',Null,1,0,Null),
('54','Residenz','1277',0,'40',Null,1,0,Null),
('55','Lage','1331',0,'60',Null,Null,0,Null);
/* Eigenschaftsobergruppen */
/* Einheiten */
INSERT INTO Einheiten (EIN_ID,EIN_BESCHREIBUNG,EIN_UEN_BESCHREIBUNG,EIN_SORTIERUNG) VALUES 
('1','','1074','2'),
('2','%','1075','3'),
('3','m²','1076','1');
